entry_id,name,category,severity,total_score,location,raw_command,resolved_path,enabled,user_context,is_signed,signature_status,signer_name,sha256,md5,entropy,is_high_entropy,remediation_command,findings_summary
d0d1fd1b,Task: UninstallSMB1ClientTask,Scheduled Task,CRITICAL,95,Task Scheduler: \Microsoft\Windows\SMB\UninstallSMB1ClientTask,"%windir%\system32\WindowsPowerShell\v1.0\powershell.exe -ExecutionPolicy Unrestricted -NonInteractive -NoProfile -WindowStyle Hidden & %windir%\system32\WindowsPowerShell\v1.0\Modules\SmbShare\DisableUnusedSmb1.ps1 -Scenario Client""""",C:\WINDOWS\system32\WindowsPowerShell\v1.0\powershell.exe,True,SYSTEM (Undefined),True,Valid,Microsoft Windows,3247bcfd60f6dd25f34cb74b5889ab10ef1b3ec72b4d4b3d95b5b25b534560b8,9d8e30daf21108092d5980c931876b7e,5.3938,False,"Unregister-ScheduledTask -TaskName ""\Microsoft\Windows\SMB\UninstallSMB1ClientTask"" -Confirm:$false -ErrorAction SilentlyContinue",Obfuscated Command: Hidden Window Execution (CRITICAL); Living-Off-The-Land Binary (powershell.exe) (MEDIUM); Timestomping Timestamp Anomaly (MEDIUM)
3abb162a,Task: UninstallSMB1ServerTask,Scheduled Task,CRITICAL,95,Task Scheduler: \Microsoft\Windows\SMB\UninstallSMB1ServerTask,"%windir%\system32\WindowsPowerShell\v1.0\powershell.exe -ExecutionPolicy Unrestricted -NonInteractive -NoProfile -WindowStyle Hidden & %windir%\system32\WindowsPowerShell\v1.0\Modules\SmbShare\DisableUnusedSmb1.ps1 -Scenario Server""""",C:\WINDOWS\system32\WindowsPowerShell\v1.0\powershell.exe,True,SYSTEM (Undefined),True,Valid,Microsoft Windows,3247bcfd60f6dd25f34cb74b5889ab10ef1b3ec72b4d4b3d95b5b25b534560b8,9d8e30daf21108092d5980c931876b7e,5.3938,False,"Unregister-ScheduledTask -TaskName ""\Microsoft\Windows\SMB\UninstallSMB1ServerTask"" -Confirm:$false -ErrorAction SilentlyContinue",Obfuscated Command: Hidden Window Execution (CRITICAL); Living-Off-The-Land Binary (powershell.exe) (MEDIUM); Timestomping Timestamp Anomaly (MEDIUM)
64819550,Service: Intel® Graphics Software,Windows Service,CRITICAL,85,HKLM\SYSTEM\CurrentControlSet\Services\IntelGraphicsSoftwareService,"""C:\Program Files\WindowsApps\AppUp.IntelArcSoftware_26.32.2604.0_x64__8j3eq9eme6ctt\VFS\ProgramFilesX64\Intel\Intel Graphics Software\IntelGraphicsSoftware.Service.exe""",C:\Program Files\WindowsApps\AppUp.IntelArcSoftware_26.32.2604.0_x64__8j3eq9eme6ctt\VFS\ProgramFilesX64\Intel\Intel Graphics Software\IntelGraphicsSoftware.Service.exe,True,LocalSystem (Auto Start),False,NotSigned,,07e2675f3fe54553948f499b844f2123bc2a369950edafe364b84c0312de6795,2a9ae4d1dabe379b43d7c34d0b39ee41,7.3166,True,"Stop-Service -Name ""IntelGraphicsSoftwareService"" -Force -ErrorAction SilentlyContinue; Set-Service -Name ""IntelGraphicsSoftwareService"" -StartupType Disabled",High Shannon Entropy (7.3166) / Packed Binary (HIGH); Suspicious Injection / Memory APIs (MEDIUM); Corporate Metadata Impersonation (HIGH)
17c8a51d,Winlogon Shell,Winlogon Persistence,CRITICAL,60,HKLM\SOFTWARE\Microsoft\Windows NT\CurrentVersion\Winlogon\Shell,explorer.exe,explorer.exe,True,HKLM,False,Unknown,,,,0.0,False,"Set-ItemProperty -Path ""HKLM:\SOFTWARE\Microsoft\Windows NT\CurrentVersion\Winlogon"" -Name ""Shell"" -Value ""explorer.exe""",Critical System Process Masquerading (CRITICAL); Orphaned Persistence Entry (Target Missing) (LOW)
ff82bfda,Active Setup: {89B4C1CD-B018-4511-B0A1-5476DBF70820},Active Setup,MEDIUM,40,HKLM\SOFTWARE\Microsoft\Active Setup\Installed Components\{89B4C1CD-B018-4511-B0A1-5476DBF70820}\StubPath,"C:\Windows\System32\Rundll32.exe C:\Windows\System32\mscories.dll,Install",C:\Windows\System32\Rundll32.exe,True,HKLM,True,Valid,Microsoft Windows,f94fab1ee2ed77229edb12abd95b00f25f08b92f9bcfc872ce5cb06b52fbb5f9,4116e820ae2385939b8ff93412c72736,4.6513,False,"Remove-ItemProperty -Path ""HKLM:\SOFTWARE\Microsoft\Active Setup\Installed Components\{89B4C1CD-B018-4511-B0A1-5476DBF70820}"" -Name ""StubPath"" -ErrorAction SilentlyContinue",Living-Off-The-Land Binary (rundll32.exe) (MEDIUM); Timestomping Timestamp Anomaly (MEDIUM); Suspicious Injection / Memory APIs (MEDIUM)
41854998,Task: PcaPatchDbTask,Scheduled Task,MEDIUM,40,Task Scheduler: \Microsoft\Windows\Application Experience\PcaPatchDbTask,"%windir%\system32\rundll32.exe %windir%\system32\PcaSvc.dll,PcaPatchSdbTask",C:\WINDOWS\system32\rundll32.exe,True,"SYSTEM (One Time Only, Hourly )",True,Valid,Microsoft Windows,f94fab1ee2ed77229edb12abd95b00f25f08b92f9bcfc872ce5cb06b52fbb5f9,4116e820ae2385939b8ff93412c72736,4.6513,False,"Unregister-ScheduledTask -TaskName ""\Microsoft\Windows\Application Experience\PcaPatchDbTask"" -Confirm:$false -ErrorAction SilentlyContinue",Living-Off-The-Land Binary (rundll32.exe) (MEDIUM); Timestomping Timestamp Anomaly (MEDIUM); Suspicious Injection / Memory APIs (MEDIUM)
df4a80b9,Task: PcaWallpaperAppDetect,Scheduled Task,MEDIUM,40,Task Scheduler: \Microsoft\Windows\Application Experience\PcaWallpaperAppDetect,"%windir%\system32\rundll32.exe %windir%\system32\PcaSvc.dll,PcaWallpaperAppDetect",C:\WINDOWS\system32\rundll32.exe,True,"INTERACTIVE (One Time Only, Hourly )",True,Valid,Microsoft Windows,f94fab1ee2ed77229edb12abd95b00f25f08b92f9bcfc872ce5cb06b52fbb5f9,4116e820ae2385939b8ff93412c72736,4.6513,False,"Unregister-ScheduledTask -TaskName ""\Microsoft\Windows\Application Experience\PcaWallpaperAppDetect"" -Confirm:$false -ErrorAction SilentlyContinue",Living-Off-The-Land Binary (rundll32.exe) (MEDIUM); Timestomping Timestamp Anomaly (MEDIUM); Suspicious Injection / Memory APIs (MEDIUM)
cf203258,Task: StartupAppTask,Scheduled Task,MEDIUM,40,Task Scheduler: \Microsoft\Windows\Application Experience\StartupAppTask,"%windir%\system32\rundll32.exe Startupscan.dll,SusRunTask",C:\WINDOWS\system32\rundll32.exe,True,INTERACTIVE (On demand only),True,Valid,Microsoft Windows,f94fab1ee2ed77229edb12abd95b00f25f08b92f9bcfc872ce5cb06b52fbb5f9,4116e820ae2385939b8ff93412c72736,4.6513,False,"Unregister-ScheduledTask -TaskName ""\Microsoft\Windows\Application Experience\StartupAppTask"" -Confirm:$false -ErrorAction SilentlyContinue",Living-Off-The-Land Binary (rundll32.exe) (MEDIUM); Timestomping Timestamp Anomaly (MEDIUM); Suspicious Injection / Memory APIs (MEDIUM)
8c563ebe,Task: CleanupTemporaryState,Scheduled Task,MEDIUM,40,Task Scheduler: \Microsoft\Windows\ApplicationData\CleanupTemporaryState,"%windir%\system32\rundll32.exe Windows.Storage.ApplicationData.dll,CleanupTemporaryState",C:\WINDOWS\system32\rundll32.exe,True,SYSTEM (On demand only),True,Valid,Microsoft Windows,f94fab1ee2ed77229edb12abd95b00f25f08b92f9bcfc872ce5cb06b52fbb5f9,4116e820ae2385939b8ff93412c72736,4.6513,False,"Unregister-ScheduledTask -TaskName ""\Microsoft\Windows\ApplicationData\CleanupTemporaryState"" -Confirm:$false -ErrorAction SilentlyContinue",Living-Off-The-Land Binary (rundll32.exe) (MEDIUM); Timestomping Timestamp Anomaly (MEDIUM); Suspicious Injection / Memory APIs (MEDIUM)
750b29f5,Task: Pre-staged app cleanup,Scheduled Task,MEDIUM,40,Task Scheduler: \Microsoft\Windows\AppxDeploymentClient\Pre-staged app cleanup,"%windir%\system32\rundll32.exe %windir%\system32\AppxDeploymentClient.dll,AppxPreStageCleanupRunTask",C:\WINDOWS\system32\rundll32.exe,False,SYSTEM (At logon time),True,Valid,Microsoft Windows,f94fab1ee2ed77229edb12abd95b00f25f08b92f9bcfc872ce5cb06b52fbb5f9,4116e820ae2385939b8ff93412c72736,4.6513,False,"Unregister-ScheduledTask -TaskName ""\Microsoft\Windows\AppxDeploymentClient\Pre-staged app cleanup"" -Confirm:$false -ErrorAction SilentlyContinue",Living-Off-The-Land Binary (rundll32.exe) (MEDIUM); Timestomping Timestamp Anomaly (MEDIUM); Suspicious Injection / Memory APIs (MEDIUM)
adcf8a46,Task: Proxy,Scheduled Task,MEDIUM,40,Task Scheduler: \Microsoft\Windows\Autochk\Proxy,"%windir%\system32\rundll32.exe /d acproxy.dll,PerformAutochkOperations",C:\WINDOWS\system32\rundll32.exe,True,SYSTEM (At system start up),True,Valid,Microsoft Windows,f94fab1ee2ed77229edb12abd95b00f25f08b92f9bcfc872ce5cb06b52fbb5f9,4116e820ae2385939b8ff93412c72736,4.6513,False,"Unregister-ScheduledTask -TaskName ""\Microsoft\Windows\Autochk\Proxy"" -Confirm:$false -ErrorAction SilentlyContinue",Living-Off-The-Land Binary (rundll32.exe) (MEDIUM); Timestomping Timestamp Anomaly (MEDIUM); Suspicious Injection / Memory APIs (MEDIUM)
2fa6b8ca,Task: maintenancetasks,Scheduled Task,MEDIUM,40,Task Scheduler: \Microsoft\Windows\capabilityaccessmanager\maintenancetasks,"%windir%\system32\rundll32.exe %windir%\system32\CapabilityAccessManager.dll,CapabilityAccessManagerDoStoreMaintenance",C:\WINDOWS\system32\rundll32.exe,True,SYSTEM (On demand only),True,Valid,Microsoft Windows,f94fab1ee2ed77229edb12abd95b00f25f08b92f9bcfc872ce5cb06b52fbb5f9,4116e820ae2385939b8ff93412c72736,4.6513,False,"Unregister-ScheduledTask -TaskName ""\Microsoft\Windows\capabilityaccessmanager\maintenancetasks"" -Confirm:$false -ErrorAction SilentlyContinue",Living-Off-The-Land Binary (rundll32.exe) (MEDIUM); Timestomping Timestamp Anomaly (MEDIUM); Suspicious Injection / Memory APIs (MEDIUM)
55433352,Task: Microsoft-Windows-DiskDiagnosticDataCollector,Scheduled Task,MEDIUM,40,Task Scheduler: \Microsoft\Windows\DiskDiagnostic\Microsoft-Windows-DiskDiagnosticDataCollector,"%windir%\system32\rundll32.exe dfdts.dll,DfdGetDefaultPolicyAndSMART",C:\WINDOWS\system32\rundll32.exe,False,SYSTEM (On demand only),True,Valid,Microsoft Windows,f94fab1ee2ed77229edb12abd95b00f25f08b92f9bcfc872ce5cb06b52fbb5f9,4116e820ae2385939b8ff93412c72736,4.6513,False,"Unregister-ScheduledTask -TaskName ""\Microsoft\Windows\DiskDiagnostic\Microsoft-Windows-DiskDiagnosticDataCollector"" -Confirm:$false -ErrorAction SilentlyContinue",Living-Off-The-Land Binary (rundll32.exe) (MEDIUM); Timestomping Timestamp Anomaly (MEDIUM); Suspicious Injection / Memory APIs (MEDIUM)
911e88a3,Task: Account Cleanup,Scheduled Task,MEDIUM,40,Task Scheduler: \Microsoft\Windows\SharedPC\Account Cleanup,"%windir%\System32\rundll32.exe %windir%\System32\Windows.SharedPC.AccountManager.dll,StartMaintenance",C:\WINDOWS\System32\rundll32.exe,False,SYSTEM (On demand only),True,Valid,Microsoft Windows,f94fab1ee2ed77229edb12abd95b00f25f08b92f9bcfc872ce5cb06b52fbb5f9,4116e820ae2385939b8ff93412c72736,4.6513,False,"Unregister-ScheduledTask -TaskName ""\Microsoft\Windows\SharedPC\Account Cleanup"" -Confirm:$false -ErrorAction SilentlyContinue",Living-Off-The-Land Binary (rundll32.exe) (MEDIUM); Timestomping Timestamp Anomaly (MEDIUM); Suspicious Injection / Memory APIs (MEDIUM)
3952e818,Task: MaintenanceTasks,Scheduled Task,MEDIUM,40,Task Scheduler: \Microsoft\Windows\StateRepository\MaintenanceTasks,"%windir%\system32\rundll32.exe %windir%\system32\Windows.StateRepositoryClient.dll,StateRepositoryDoMaintenanceTasks",C:\WINDOWS\system32\rundll32.exe,True,SYSTEM (On demand only),True,Valid,Microsoft Windows,f94fab1ee2ed77229edb12abd95b00f25f08b92f9bcfc872ce5cb06b52fbb5f9,4116e820ae2385939b8ff93412c72736,4.6513,False,"Unregister-ScheduledTask -TaskName ""\Microsoft\Windows\StateRepository\MaintenanceTasks"" -Confirm:$false -ErrorAction SilentlyContinue",Living-Off-The-Land Binary (rundll32.exe) (MEDIUM); Timestomping Timestamp Anomaly (MEDIUM); Suspicious Injection / Memory APIs (MEDIUM)
1929ca8c,Task: WsSwapAssessmentTask,Scheduled Task,MEDIUM,40,Task Scheduler: \Microsoft\Windows\Sysmain\WsSwapAssessmentTask,"%windir%\system32\rundll32.exe sysmain.dll,PfSvWsSwapAssessmentTask",C:\WINDOWS\system32\rundll32.exe,True,SYSTEM (On demand only),True,Valid,Microsoft Windows,f94fab1ee2ed77229edb12abd95b00f25f08b92f9bcfc872ce5cb06b52fbb5f9,4116e820ae2385939b8ff93412c72736,4.6513,False,"Unregister-ScheduledTask -TaskName ""\Microsoft\Windows\Sysmain\WsSwapAssessmentTask"" -Confirm:$false -ErrorAction SilentlyContinue",Living-Off-The-Land Binary (rundll32.exe) (MEDIUM); Timestomping Timestamp Anomaly (MEDIUM); Suspicious Injection / Memory APIs (MEDIUM)
8905f493,Task: BfeOnServiceStartTypeChange,Scheduled Task,MEDIUM,40,Task Scheduler: \Microsoft\Windows\Windows Filtering Platform\BfeOnServiceStartTypeChange,"%windir%\system32\rundll32.exe bfe.dll,BfeOnServiceStartTypeChange",C:\WINDOWS\system32\rundll32.exe,True,SYSTEM (When an event occurs),True,Valid,Microsoft Windows,f94fab1ee2ed77229edb12abd95b00f25f08b92f9bcfc872ce5cb06b52fbb5f9,4116e820ae2385939b8ff93412c72736,4.6513,False,"Unregister-ScheduledTask -TaskName ""\Microsoft\Windows\Windows Filtering Platform\BfeOnServiceStartTypeChange"" -Confirm:$false -ErrorAction SilentlyContinue",Living-Off-The-Land Binary (rundll32.exe) (MEDIUM); Timestomping Timestamp Anomaly (MEDIUM); Suspicious Injection / Memory APIs (MEDIUM)
0b4a0ccf,Service: Dell SupportAssist Remediation,Windows Service,MEDIUM,25,HKLM\SYSTEM\CurrentControlSet\Services\Dell SupportAssist Remediation,"""C:\Program Files\Dell\SARemediation\agent\DellSupportAssistRemedationService.exe""",C:\Program Files\Dell\SARemediation\agent\DellSupportAssistRemedationService.exe,True,LocalSystem (Delayed Auto Start),True,Valid,"CN=Dell Inc, SERIALNUMBER=2141541, OID.2.5.4.15=Private Organization, O=Dell Inc, OID.1.3.6.1.4.1.311.60.2.1.2=Delaware, OID.1.3.6.1.4.1.311.60.2.1.3=US, L=Round Rock, S=Texas, C=US",73cc6fb7c4222d1a2be8489b49aacc247af537ab00ea2eff053172c7f15839ee,8eca690eab6b8fd93080a00620f67844,6.7153,False,"Stop-Service -Name ""Dell SupportAssist Remediation"" -Force -ErrorAction SilentlyContinue; Set-Service -Name ""Dell SupportAssist Remediation"" -StartupType Disabled",Timestomping Timestamp Anomaly (MEDIUM)
fcd8b94c,Service: Dell Connected Service Delivery,Windows Service,MEDIUM,25,HKLM\SYSTEM\CurrentControlSet\Services\DellConnectedServiceDelivery,"""C:\Program Files\Dell\Dell Connected Service Delivery\Service\Dell.Connected.Service.Delivery.exe""",C:\Program Files\Dell\Dell Connected Service Delivery\Service\Dell.Connected.Service.Delivery.exe,True,LocalSystem (Delayed Auto Start),True,Valid,"CN=Dell Technologies Inc., OU=Client Software, O=Dell Technologies Inc., L=Round Rock, S=Texas, C=US, SERIALNUMBER=5280394, OID.2.5.4.15=Private Organization, OID.1.3.6.1.4.1.311.60.2.1.2=Delaware, OID.1.3.6.1.4.1.311.60.2.1.3=US",d2a5291b8ebb7ee8561cd9b8d4b5c76c116cfc34a5121804b4bb7a77f599fbbd,8c460cc41e0719b3877f620e9ca0674f,6.3797,False,"Stop-Service -Name ""DellConnectedServiceDelivery"" -Force -ErrorAction SilentlyContinue; Set-Service -Name ""DellConnectedServiceDelivery"" -StartupType Disabled",Timestomping Timestamp Anomaly (MEDIUM)
b9cf1c91,Service: Fusion Service,Windows Service,MEDIUM,25,HKLM\SYSTEM\CurrentControlSet\Services\FusionService,"""C:\Program Files\Dell\Fusion\FusionService.exe""",C:\Program Files\Dell\Fusion\FusionService.exe,True,LocalSystem (Delayed Auto Start),True,Valid,"CN=Dell Inc, SERIALNUMBER=2141541, OID.2.5.4.15=Private Organization, O=Dell Inc, OID.1.3.6.1.4.1.311.60.2.1.2=Delaware, OID.1.3.6.1.4.1.311.60.2.1.3=US, L=Round Rock, S=Texas, C=US",9b46eafa56dcb484a082a51af007d9c1ea819196b95daafe0463309744a5317b,0ba298e3ca47bcd1b367fe4ad9e1f7e6,6.6801,False,"Stop-Service -Name ""FusionService"" -Force -ErrorAction SilentlyContinue; Set-Service -Name ""FusionService"" -StartupType Disabled",Timestomping Timestamp Anomaly (MEDIUM)
34814702,Task: McAfeeLogon,Scheduled Task,MEDIUM,20,Task Scheduler: \McAfeeLogon,C:\Program Files\Common Files\McAfee\Platform\McUICnt.exe /platui,C:\Program Files\Common Files\McAfee\Platform\McUICnt.exe,True,Everyone (At logon time),True,Valid,"CN=""McAfee, LLC"", O=""McAfee, LLC"", STREET=6220 America Ctr Dr, L=San Jose, S=California, C=US, OID.1.3.6.1.4.1.311.60.2.1.2=Delaware, OID.1.3.6.1.4.1.311.60.2.1.3=US, SERIALNUMBER=2306741, OID.2.5.4.15=Private Organization",6fd5a13835a1c8ca950ba2cd7113d658a77b9494d15403f3cd663abb930bc02c,0e3aeeaedceecae2ff1974e9e3855d44,6.4595,False,"Unregister-ScheduledTask -TaskName ""\McAfeeLogon"" -Confirm:$false -ErrorAction SilentlyContinue",Suspicious Injection / Memory APIs (MEDIUM)
bc09b7ba,Service: Dell TechHub,Windows Service,MEDIUM,20,HKLM\SYSTEM\CurrentControlSet\Services\DellTechHub,"""C:\Program Files\Dell\TechHub\Dell.TechHub.exe""",C:\Program Files\Dell\TechHub\Dell.TechHub.exe,True,LocalSystem (Auto Start),True,Valid,"CN=Dell Technologies Inc., OU=Client Software, O=Dell Technologies Inc., L=Round Rock, S=Texas, C=US, SERIALNUMBER=5280394, OID.2.5.4.15=Private Organization, OID.1.3.6.1.4.1.311.60.2.1.2=Delaware, OID.1.3.6.1.4.1.311.60.2.1.3=US",fe33329486f4c2c094c2a2ff8252ce4144c05bad430005e78067799bd7540a2f,3152804a181e7dffb2690016dbeea13b,6.2713,False,"Stop-Service -Name ""DellTechHub"" -Force -ErrorAction SilentlyContinue; Set-Service -Name ""DellTechHub"" -StartupType Disabled",Suspicious Injection / Memory APIs (MEDIUM)
96d54d1f,Service: McAfee WebAdvisor,Windows Service,MEDIUM,20,HKLM\SYSTEM\CurrentControlSet\Services\McAfee WebAdvisor,"""C:\Program Files\McAfee\WebAdvisor\ServiceHost.exe""",C:\Program Files\McAfee\WebAdvisor\ServiceHost.exe,True,LocalSystem (Delayed Auto Start),True,Valid,"CN=""McAfee, LLC"", O=""McAfee, LLC"", STREET=6220 America Ctr Dr, L=San Jose, S=California, C=US, OID.1.3.6.1.4.1.311.60.2.1.2=Delaware, OID.1.3.6.1.4.1.311.60.2.1.3=US, SERIALNUMBER=2306741, OID.2.5.4.15=Private Organization",b836ab6b8db400e3fc04b4e3b07c63b7e62ede88576a0accbbf747ae97254fc8,b57fda1532a108b2721d344f178d0be0,6.4174,False,"Stop-Service -Name ""McAfee WebAdvisor"" -Force -ErrorAction SilentlyContinue; Set-Service -Name ""McAfee WebAdvisor"" -StartupType Disabled",Suspicious Injection / Memory APIs (MEDIUM)
af5b0cec,Service: McAfee AP Service,Windows Service,MEDIUM,20,HKLM\SYSTEM\CurrentControlSet\Services\McAPExe,"""C:\Program Files\Common Files\McAfee\VSCore_22_4\McApExe.exe""",C:\Program Files\Common Files\McAfee\VSCore_22_4\McApExe.exe,True,LocalSystem (Delayed Auto Start),True,Valid,"CN=""McAfee, LLC"", O=""McAfee, LLC"", STREET=6220 America Ctr Dr, L=San Jose, S=California, C=US, OID.1.3.6.1.4.1.311.60.2.1.2=Delaware, OID.1.3.6.1.4.1.311.60.2.1.3=US, SERIALNUMBER=2306741, OID.2.5.4.15=Private Organization",6c61eb5aec0def7f7a8fe39c031ae9b72f05d903ce7cebd905b66d50c5a1485c,31c8d7e6d183f38a3a9a86e226a61287,6.432,False,"Stop-Service -Name ""McAPExe"" -Force -ErrorAction SilentlyContinue; Set-Service -Name ""McAPExe"" -StartupType Disabled",Suspicious Injection / Memory APIs (MEDIUM)
344db6c7,Service: McAfee CSP Service,Windows Service,MEDIUM,20,HKLM\SYSTEM\CurrentControlSet\Services\mccspsvc,"""C:\Program Files\Common Files\McAfee\CSP\5.2.110.0\\McCSPServiceHost.exe""",C:\Program Files\Common Files\McAfee\CSP\5.2.110.0\McCSPServiceHost.exe,True,LocalSystem (Delayed Auto Start),True,Valid,"CN=""McAfee, LLC"", O=""McAfee, LLC"", STREET=6220 America Ctr Dr, L=San Jose, S=California, C=US, OID.1.3.6.1.4.1.311.60.2.1.2=Delaware, OID.1.3.6.1.4.1.311.60.2.1.3=US, SERIALNUMBER=2306741, OID.2.5.4.15=Private Organization",6661a5771e2d1baa0b3fb3d96e7bebb02fd86dd4075c66177fa1b9c578889aad,9ba7f7f9aaa48afbf7350611860614f5,6.4426,False,"Stop-Service -Name ""mccspsvc"" -Force -ErrorAction SilentlyContinue; Set-Service -Name ""mccspsvc"" -StartupType Disabled",Suspicious Injection / Memory APIs (MEDIUM)
55c4089f,Service: McAfee Service Controller,Windows Service,MEDIUM,20,HKLM\SYSTEM\CurrentControlSet\Services\mfemms,"""C:\Program Files\Common Files\McAfee\SystemCore\mfemms.exe""",C:\Program Files\Common Files\McAfee\SystemCore\mfemms.exe,True,LocalSystem (Auto Start),True,Valid,"CN=""McAfee, Inc."", OU=Engineering, O=""McAfee, Inc."", L=Santa Clara, S=California, C=US",d0f70ebeb87410f56cc49f3c10fa35d6b7e9631bdc3977b146bdf97d3a0bf513,acaf745f6ac27ba3bf627c5b667c0e49,6.4498,False,"Stop-Service -Name ""mfemms"" -Force -ErrorAction SilentlyContinue; Set-Service -Name ""mfemms"" -StartupType Disabled",Suspicious Injection / Memory APIs (MEDIUM)
2b143b8a,Service: McAfee Module Core Service,Windows Service,MEDIUM,20,HKLM\SYSTEM\CurrentControlSet\Services\ModuleCoreService,"""C:\Program Files\Common Files\McAfee\ModuleCore\ModuleCoreService.exe""",C:\Program Files\Common Files\McAfee\ModuleCore\ModuleCoreService.exe,True,LocalSystem (Auto Start),True,Valid,"CN=""McAfee, LLC"", O=""McAfee, LLC"", STREET=6220 America Ctr Dr, L=San Jose, S=California, C=US, OID.1.3.6.1.4.1.311.60.2.1.2=Delaware, OID.1.3.6.1.4.1.311.60.2.1.3=US, SERIALNUMBER=2306741, OID.2.5.4.15=Private Organization",8859b2bcd5bd52400fa5d8c542833517da91596d793d55185ed262f6a0a4fc81,f54d7b9c55f6d179c9b1aa81f39526b7,6.2951,False,"Stop-Service -Name ""ModuleCoreService"" -Force -ErrorAction SilentlyContinue; Set-Service -Name ""ModuleCoreService"" -StartupType Disabled",Suspicious Injection / Memory APIs (MEDIUM)
3fbba3c2,Service: McAfee PEF Service,Windows Service,MEDIUM,20,HKLM\SYSTEM\CurrentControlSet\Services\PEFService,"""C:\Program Files\Common Files\McAfee\PEF\CORE\PEFService.exe""",C:\Program Files\Common Files\McAfee\PEF\CORE\PEFService.exe,True,LocalSystem (Auto Start),True,Valid,"CN=""McAfee, LLC"", O=""McAfee, LLC"", STREET=6220 America Ctr Dr, L=San Jose, S=California, C=US, OID.1.3.6.1.4.1.311.60.2.1.2=Delaware, OID.1.3.6.1.4.1.311.60.2.1.3=US, SERIALNUMBER=2306741, OID.2.5.4.15=Private Organization",4022e31367af7b6c7790b3c3ae7d70c950cab7e130dfd8c800abd0ba0d5a595c,d774a21bc475a48ab13fe7d33a0b93d8,6.2949,False,"Stop-Service -Name ""PEFService"" -Force -ErrorAction SilentlyContinue; Set-Service -Name ""PEFService"" -StartupType Disabled",Suspicious Injection / Memory APIs (MEDIUM)
f37d302d,Service: SmartByte Analytics Service,Windows Service,MEDIUM,20,HKLM\SYSTEM\CurrentControlSet\Services\SmartByte Analytics Service,"""C:\Program Files\Rivet Networks\SmartByte\SmartByteAnalyticsService.exe""",C:\Program Files\Rivet Networks\SmartByte\SmartByteAnalyticsService.exe,True,LocalSystem (Auto Start),False,NotSigned,,09f7145b371d84e5d6aa0fdacfbf6354dc7d2ddb80b78d186f7d4ff2049cc61f,b97b7797fecb325176b35f97197601d6,6.4355,False,"Stop-Service -Name ""SmartByte Analytics Service"" -Force -ErrorAction SilentlyContinue; Set-Service -Name ""SmartByte Analytics Service"" -StartupType Disabled",Suspicious Injection / Memory APIs (MEDIUM)
c14e9c8d,Service: SmartByte Network Service,Windows Service,MEDIUM,20,HKLM\SYSTEM\CurrentControlSet\Services\SmartByte Network Service x64,"""C:\Program Files\Rivet Networks\SmartByte\SmartByteNetworkService.exe""",C:\Program Files\Rivet Networks\SmartByte\SmartByteNetworkService.exe,True,LocalSystem (Auto Start),False,NotSigned,,9c0aa36c2ab3b963f7307abeaf953a7763c8efe89e30c77c6d461027e1cc8a00,b9ca52228cad96cf604b511aef2639ee,6.3393,False,"Stop-Service -Name ""SmartByte Network Service x64"" -Force -ErrorAction SilentlyContinue; Set-Service -Name ""SmartByte Network Service x64"" -StartupType Disabled",Suspicious Injection / Memory APIs (MEDIUM)
7834a6af,Service: Dell SupportAssist,Windows Service,MEDIUM,20,HKLM\SYSTEM\CurrentControlSet\Services\SupportAssistAgent,"""C:\Program Files\Dell\SupportAssistAgent\bin\SupportAssistAgent.exe""",C:\Program Files\Dell\SupportAssistAgent\bin\SupportAssistAgent.exe,True,LocalSystem (Delayed Auto Start),True,Valid,"CN=Dell Technologies Inc., OU=SupportAssist Client, O=Dell Technologies Inc., L=Round Rock, S=Texas, C=US",c3da7898f3e03db9d93bc398955f132616c7837b3a08c4a56fdfbb98bc674a9e,aa804efc9bfa5436f7042d0dbe400f5a,6.259,False,"Stop-Service -Name ""SupportAssistAgent"" -Force -ErrorAction SilentlyContinue; Set-Service -Name ""SupportAssistAgent"" -StartupType Disabled",Suspicious Injection / Memory APIs (MEDIUM)
a2707749,Winlogon Userinit,Winlogon Persistence,MEDIUM,15,HKLM\SOFTWARE\Microsoft\Windows NT\CurrentVersion\Winlogon\Userinit,C:\Windows\system32\userinit.exe,C:\Windows\system32\userinit.exe,True,HKLM,True,Valid,Microsoft Windows,6d5ca12fcb2d07fdfac45f6bdff11d2aa7f0ad72cfc82dfc5b230fcca6bf7268,8dd63e1d793f51365e7077b4d95f4888,5.535,False,"Set-ItemProperty -Path ""HKLM:\SOFTWARE\Microsoft\Windows NT\CurrentVersion\Winlogon"" -Name ""Userinit"" -Value ""C:\Windows\System32\userinit.exe,""",Timestomping Timestamp Anomaly (MEDIUM); Suspicious Injection / Memory APIs (MEDIUM)
af8c41fc,Active Setup: Microsoft Windows Media Player,Active Setup,MEDIUM,15,HKLM\SOFTWARE\Microsoft\Active Setup\Installed Components\>{22d6f312-b0f6-11d0-94ab-0080c74c7e95}\StubPath,%SystemRoot%\system32\unregmp2.exe /ShowWMP,C:\WINDOWS\system32\unregmp2.exe,True,HKLM,True,Valid,Microsoft Windows,35d6b2084e1976545007c081ba6cf4c79cbbc40acac0df2ddcc3319b1d1a397e,3954b2e1238d0093679c79b2d2dbb629,4.7859,False,"Remove-ItemProperty -Path ""HKLM:\SOFTWARE\Microsoft\Active Setup\Installed Components\>{22d6f312-b0f6-11d0-94ab-0080c74c7e95}"" -Name ""StubPath"" -ErrorAction SilentlyContinue",Timestomping Timestamp Anomaly (MEDIUM); Suspicious Injection / Memory APIs (MEDIUM)
f27dc9d6,Active Setup: Microsoft Windows Media Player,Active Setup,MEDIUM,15,HKLM\SOFTWARE\Microsoft\Active Setup\Installed Components\{6BF52A52-394A-11d3-B153-00C04F79FAA6}\StubPath,%SystemRoot%\system32\unregmp2.exe /FirstLogon,C:\WINDOWS\system32\unregmp2.exe,True,HKLM,True,Valid,Microsoft Windows,35d6b2084e1976545007c081ba6cf4c79cbbc40acac0df2ddcc3319b1d1a397e,3954b2e1238d0093679c79b2d2dbb629,4.7859,False,"Remove-ItemProperty -Path ""HKLM:\SOFTWARE\Microsoft\Active Setup\Installed Components\{6BF52A52-394A-11d3-B153-00C04F79FAA6}"" -Name ""StubPath"" -ErrorAction SilentlyContinue",Timestomping Timestamp Anomaly (MEDIUM); Suspicious Injection / Memory APIs (MEDIUM)
9d309bd8,Active Setup: Web Platform Customizations,Active Setup,MEDIUM,15,HKLM\SOFTWARE\Microsoft\Active Setup\Installed Components\{89820200-ECBD-11cf-8B85-00AA005B4383}\StubPath,C:\Windows\System32\ie4uinit.exe -UserConfig,C:\Windows\System32\ie4uinit.exe,True,HKLM,True,Valid,Microsoft Windows,3881d84dab0e653a99fd74a9244cfd3ab122fb21be28cf0e0550e632b707cdc5,cc49ad7b2a617c107510d570030fb2b3,5.9631,False,"Remove-ItemProperty -Path ""HKLM:\SOFTWARE\Microsoft\Active Setup\Installed Components\{89820200-ECBD-11cf-8B85-00AA005B4383}"" -Name ""StubPath"" -ErrorAction SilentlyContinue",Timestomping Timestamp Anomaly (MEDIUM); Suspicious Injection / Memory APIs (MEDIUM)
045f5cf8,Task: OneDrive Per-Machine Standalone Update Task,Scheduled Task,MEDIUM,15,Task Scheduler: \OneDrive Per-Machine Standalone Update Task,C:\Program Files\Microsoft OneDrive\OneDriveStandaloneUpdater.exe ,C:\Program Files\Microsoft OneDrive\OneDriveStandaloneUpdater.exe,True,"SYSTEM (One Time Only, Hourly )",True,Valid,"CN=Microsoft Corporation, O=Microsoft Corporation, L=Redmond, S=Washington, C=US",a1d442d41a1e2af5fa8f51ff274e41a7e0b665a07a87268371f3ada231161c4b,1f105ea4468c14ab31699ff38e971100,6.4091,False,"Unregister-ScheduledTask -TaskName ""\OneDrive Per-Machine Standalone Update Task"" -Confirm:$false -ErrorAction SilentlyContinue",Timestomping Timestamp Anomaly (MEDIUM); Suspicious Injection / Memory APIs (MEDIUM)
8fe0506e,Task: OneDrive Reporting Task-S-1-5-21-4276656428-4125548740-163246067-1002,Scheduled Task,MEDIUM,15,Task Scheduler: \OneDrive Reporting Task-S-1-5-21-4276656428-4125548740-163246067-1002,C:\Program Files\Microsoft OneDrive\OneDriveStandaloneUpdater.exe /reporting,C:\Program Files\Microsoft OneDrive\OneDriveStandaloneUpdater.exe,True,"utkar (One Time Only, Hourly )",True,Valid,"CN=Microsoft Corporation, O=Microsoft Corporation, L=Redmond, S=Washington, C=US",a1d442d41a1e2af5fa8f51ff274e41a7e0b665a07a87268371f3ada231161c4b,1f105ea4468c14ab31699ff38e971100,6.4091,False,"Unregister-ScheduledTask -TaskName ""\OneDrive Reporting Task-S-1-5-21-4276656428-4125548740-163246067-1002"" -Confirm:$false -ErrorAction SilentlyContinue",Timestomping Timestamp Anomaly (MEDIUM); Suspicious Injection / Memory APIs (MEDIUM)
22912ab1,Task: OneDrive Startup Task-S-1-5-21-4276656428-4125548740-163246067-1002,Scheduled Task,MEDIUM,15,Task Scheduler: \OneDrive Startup Task-S-1-5-21-4276656428-4125548740-163246067-1002,C:\Program Files\Microsoft OneDrive\26.173.0906.0008\OneDriveLauncher.exe /startInstances,C:\Program Files\Microsoft OneDrive\26.173.0906.0008\OneDriveLauncher.exe,True,utkar (At logon time),True,Valid,"CN=Microsoft Corporation, O=Microsoft Corporation, L=Redmond, S=Washington, C=US",101aefd7c0575bd18cfc78f2944f8ba2afe7f1a302e4090895585488a53306c8,6824d27f91496f86331cfd0b3f58f2c4,6.3786,False,"Unregister-ScheduledTask -TaskName ""\OneDrive Startup Task-S-1-5-21-4276656428-4125548740-163246067-1002"" -Confirm:$false -ErrorAction SilentlyContinue",Timestomping Timestamp Anomaly (MEDIUM); Suspicious Injection / Memory APIs (MEDIUM)
19eda2a2,Task: VerifiedPublisherCertStoreCheck,Scheduled Task,MEDIUM,15,Task Scheduler: \Microsoft\Windows\AppID\VerifiedPublisherCertStoreCheck,%windir%\system32\appidcertstorecheck.exe ,C:\WINDOWS\system32\appidcertstorecheck.exe,False,LOCAL SERVICE (At system start up),True,Valid,Microsoft Windows,cb79ca1e702f578eb9b42b7298b613d46b958cf11ea624d84e14b52d8c5ca840,ceca249137d29535ae7a4bb6024ed572,4.8361,False,"Unregister-ScheduledTask -TaskName ""\Microsoft\Windows\AppID\VerifiedPublisherCertStoreCheck"" -Confirm:$false -ErrorAction SilentlyContinue",Timestomping Timestamp Anomaly (MEDIUM); Suspicious Injection / Memory APIs (MEDIUM)
36cb7dd7,Task: Microsoft Compatibility Appraiser,Scheduled Task,MEDIUM,15,Task Scheduler: \Microsoft\Windows\Application Experience\Microsoft Compatibility Appraiser,%windir%\system32\sc.exe start InventorySvc,C:\WINDOWS\system32\sc.exe,True,"SYSTEM (One Time Only, Hourly )",True,Valid,Microsoft Windows,67cbe3a7b9c9b7a2e9fb10a33c1a9a3fd297b6f1598aea374bd9b5d2dee352ec,ff2a4319fa5531f0d7b98dbba9abbd4a,4.6219,False,"Unregister-ScheduledTask -TaskName ""\Microsoft\Windows\Application Experience\Microsoft Compatibility Appraiser"" -Confirm:$false -ErrorAction SilentlyContinue",Timestomping Timestamp Anomaly (MEDIUM); Suspicious Injection / Memory APIs (MEDIUM)
794de130,Task: SdbinstMergeDbTask,Scheduled Task,MEDIUM,15,Task Scheduler: \Microsoft\Windows\Application Experience\SdbinstMergeDbTask,%windir%\system32\sdbinst.exe -mm,C:\WINDOWS\system32\sdbinst.exe,True,SYSTEM (Undefined),True,Valid,Microsoft Windows,7e6b42af9d8b1e1a4efdeeb152997c7c9bbfa010b2fce65bef29a2903819e0e5,e2a10e8403c021d6894fcce3a50bb6e9,6.0195,False,"Unregister-ScheduledTask -TaskName ""\Microsoft\Windows\Application Experience\SdbinstMergeDbTask"" -Confirm:$false -ErrorAction SilentlyContinue",Timestomping Timestamp Anomaly (MEDIUM); Suspicious Injection / Memory APIs (MEDIUM)
fdf600d3,Task: SdbinstMergeDbTask,Scheduled Task,MEDIUM,15,Task Scheduler: \Microsoft\Windows\Application Experience\SdbinstMergeDbTask,%windir%\system32\sdbinst.exe -mm,C:\WINDOWS\system32\sdbinst.exe,True,SYSTEM (Undefined),True,Valid,Microsoft Windows,7e6b42af9d8b1e1a4efdeeb152997c7c9bbfa010b2fce65bef29a2903819e0e5,e2a10e8403c021d6894fcce3a50bb6e9,6.0195,False,"Unregister-ScheduledTask -TaskName ""\Microsoft\Windows\Application Experience\SdbinstMergeDbTask"" -Confirm:$false -ErrorAction SilentlyContinue",Timestomping Timestamp Anomaly (MEDIUM); Suspicious Injection / Memory APIs (MEDIUM)
41129586,Task: appuriverifierdaily,Scheduled Task,MEDIUM,15,Task Scheduler: \Microsoft\Windows\ApplicationData\appuriverifierdaily,%windir%\system32\AppHostRegistrationVerifier.exe ,C:\WINDOWS\system32\AppHostRegistrationVerifier.exe,True,INTERACTIVE (On demand only),True,Valid,Microsoft Windows,07024038339359d8c4ab8333b61cc2869fa0a535d6e61ebeed2fb9067393f384,5ea1a5f978e5c01ec8cc137f143b3483,5.3059,False,"Unregister-ScheduledTask -TaskName ""\Microsoft\Windows\ApplicationData\appuriverifierdaily"" -Confirm:$false -ErrorAction SilentlyContinue",Timestomping Timestamp Anomaly (MEDIUM); Suspicious Injection / Memory APIs (MEDIUM)
d038529d,Task: appuriverifierinstall,Scheduled Task,MEDIUM,15,Task Scheduler: \Microsoft\Windows\ApplicationData\appuriverifierinstall,%windir%\system32\AppHostRegistrationVerifier.exe ,C:\WINDOWS\system32\AppHostRegistrationVerifier.exe,True,INTERACTIVE (Undefined),True,Valid,Microsoft Windows,07024038339359d8c4ab8333b61cc2869fa0a535d6e61ebeed2fb9067393f384,5ea1a5f978e5c01ec8cc137f143b3483,5.3059,False,"Unregister-ScheduledTask -TaskName ""\Microsoft\Windows\ApplicationData\appuriverifierinstall"" -Confirm:$false -ErrorAction SilentlyContinue",Timestomping Timestamp Anomaly (MEDIUM); Suspicious Injection / Memory APIs (MEDIUM)
7d1ff0e4,Task: SyspartRepair,Scheduled Task,MEDIUM,15,Task Scheduler: \Microsoft\Windows\Chkdsk\SyspartRepair,%windir%\system32\bcdboot.exe %windir% /sysrepair,C:\WINDOWS\system32\bcdboot.exe,True,SYSTEM (Undefined),True,Valid,Microsoft Windows,08166224d038b3df7eb162e9bee0189b2ca2067102bce4bda5d3dccf9ab2768d,9b74b2c42d5d1a182c73119f3b7de677,5.571,False,"Unregister-ScheduledTask -TaskName ""\Microsoft\Windows\Chkdsk\SyspartRepair"" -Confirm:$false -ErrorAction SilentlyContinue",Timestomping Timestamp Anomaly (MEDIUM); Suspicious Injection / Memory APIs (MEDIUM)
272a8111,Task: Consolidator,Scheduled Task,MEDIUM,15,Task Scheduler: \Microsoft\Windows\Customer Experience Improvement Program\Consolidator,%SystemRoot%\System32\wsqmcons.exe ,C:\WINDOWS\System32\wsqmcons.exe,True,"SYSTEM (One Time Only, Hourly )",True,Valid,Microsoft Windows,cce4b8e80b4848d3f290fee0c2e65c75dfb733e60cb211704df527db6f125066,e8adb556d295880a4c59746fc4e7f9ce,4.6829,False,"Unregister-ScheduledTask -TaskName ""\Microsoft\Windows\Customer Experience Improvement Program\Consolidator"" -Confirm:$false -ErrorAction SilentlyContinue",Timestomping Timestamp Anomaly (MEDIUM); Suspicious Injection / Memory APIs (MEDIUM)
fbecc17f,Task: Device,Scheduled Task,MEDIUM,15,Task Scheduler: \Microsoft\Windows\Device Information\Device,%windir%\system32\devicecensus.exe SystemCxt,C:\WINDOWS\system32\devicecensus.exe,True,"SYSTEM (One Time Only, Hourly )",True,Valid,Microsoft Windows,32fdc98deb1cbe08704391e78a2bd2e43724ec346ebf0a1e908a33b5cd90a772,fadc3ae5c4fd5721c15a81f1040edbb2,5.7773,False,"Unregister-ScheduledTask -TaskName ""\Microsoft\Windows\Device Information\Device"" -Confirm:$false -ErrorAction SilentlyContinue",Timestomping Timestamp Anomaly (MEDIUM); Suspicious Injection / Memory APIs (MEDIUM)
813c5ae8,Task: Device,Scheduled Task,MEDIUM,15,Task Scheduler: \Microsoft\Windows\Device Information\Device,%windir%\system32\devicecensus.exe SystemCxt,C:\WINDOWS\system32\devicecensus.exe,True,SYSTEM (Undefined),True,Valid,Microsoft Windows,32fdc98deb1cbe08704391e78a2bd2e43724ec346ebf0a1e908a33b5cd90a772,fadc3ae5c4fd5721c15a81f1040edbb2,5.7773,False,"Unregister-ScheduledTask -TaskName ""\Microsoft\Windows\Device Information\Device"" -Confirm:$false -ErrorAction SilentlyContinue",Timestomping Timestamp Anomaly (MEDIUM); Suspicious Injection / Memory APIs (MEDIUM)
a69f5d2d,Task: Device User,Scheduled Task,MEDIUM,15,Task Scheduler: \Microsoft\Windows\Device Information\Device User,%windir%\system32\devicecensus.exe UserCxt,C:\WINDOWS\system32\devicecensus.exe,True,INTERACTIVE (At logon time),True,Valid,Microsoft Windows,32fdc98deb1cbe08704391e78a2bd2e43724ec346ebf0a1e908a33b5cd90a772,fadc3ae5c4fd5721c15a81f1040edbb2,5.7773,False,"Unregister-ScheduledTask -TaskName ""\Microsoft\Windows\Device Information\Device User"" -Confirm:$false -ErrorAction SilentlyContinue",Timestomping Timestamp Anomaly (MEDIUM); Suspicious Injection / Memory APIs (MEDIUM)
eca4d870,Task: DirectXDatabaseUpdater,Scheduled Task,MEDIUM,15,Task Scheduler: \Microsoft\Windows\DirectX\DirectXDatabaseUpdater,%windir%\system32\directxdatabaseupdater.exe ,C:\WINDOWS\system32\directxdatabaseupdater.exe,True,SYSTEM (At logon time),True,Valid,Microsoft Windows,a9f52a46768e0e972c97774728ce045672644886ffa0593ed1d438b15b9bb37c,ff296cd5d6102d2b8bcfaff9c00afea4,5.8247,False,"Unregister-ScheduledTask -TaskName ""\Microsoft\Windows\DirectX\DirectXDatabaseUpdater"" -Confirm:$false -ErrorAction SilentlyContinue",Timestomping Timestamp Anomaly (MEDIUM); Suspicious Injection / Memory APIs (MEDIUM)
c2a4cfc1,Task: DirectXDatabaseUpdater,Scheduled Task,MEDIUM,15,Task Scheduler: \Microsoft\Windows\DirectX\DirectXDatabaseUpdater,%windir%\system32\directxdatabaseupdater.exe ,C:\WINDOWS\system32\directxdatabaseupdater.exe,True,SYSTEM (Undefined),True,Valid,Microsoft Windows,a9f52a46768e0e972c97774728ce045672644886ffa0593ed1d438b15b9bb37c,ff296cd5d6102d2b8bcfaff9c00afea4,5.8247,False,"Unregister-ScheduledTask -TaskName ""\Microsoft\Windows\DirectX\DirectXDatabaseUpdater"" -Confirm:$false -ErrorAction SilentlyContinue",Timestomping Timestamp Anomaly (MEDIUM); Suspicious Injection / Memory APIs (MEDIUM)
2f65b05e,Task: DXGIAdapterCache,Scheduled Task,MEDIUM,15,Task Scheduler: \Microsoft\Windows\DirectX\DXGIAdapterCache,%windir%\system32\dxgiadaptercache.exe ,C:\WINDOWS\system32\dxgiadaptercache.exe,True,SYSTEM (At system start up),True,Valid,Microsoft Windows,1b0da884724a482c98a36cb8b3caf8da0c4c3d80cebe689e87f0b11b9d9a17ea,4fc7a72df07fe933fabc88bffc9c519a,5.4299,False,"Unregister-ScheduledTask -TaskName ""\Microsoft\Windows\DirectX\DXGIAdapterCache"" -Confirm:$false -ErrorAction SilentlyContinue",Timestomping Timestamp Anomaly (MEDIUM); Suspicious Injection / Memory APIs (MEDIUM)
0e3922f5,Task: DXGIAdapterCache,Scheduled Task,MEDIUM,15,Task Scheduler: \Microsoft\Windows\DirectX\DXGIAdapterCache,%windir%\system32\dxgiadaptercache.exe ,C:\WINDOWS\system32\dxgiadaptercache.exe,True,SYSTEM (Undefined),True,Valid,Microsoft Windows,1b0da884724a482c98a36cb8b3caf8da0c4c3d80cebe689e87f0b11b9d9a17ea,4fc7a72df07fe933fabc88bffc9c519a,5.4299,False,"Unregister-ScheduledTask -TaskName ""\Microsoft\Windows\DirectX\DXGIAdapterCache"" -Confirm:$false -ErrorAction SilentlyContinue",Timestomping Timestamp Anomaly (MEDIUM); Suspicious Injection / Memory APIs (MEDIUM)
ea32793e,Task: DXGIAdapterCache,Scheduled Task,MEDIUM,15,Task Scheduler: \Microsoft\Windows\DirectX\DXGIAdapterCache,%windir%\system32\dxgiadaptercache.exe ,C:\WINDOWS\system32\dxgiadaptercache.exe,True,SYSTEM (Undefined),True,Valid,Microsoft Windows,1b0da884724a482c98a36cb8b3caf8da0c4c3d80cebe689e87f0b11b9d9a17ea,4fc7a72df07fe933fabc88bffc9c519a,5.4299,False,"Unregister-ScheduledTask -TaskName ""\Microsoft\Windows\DirectX\DXGIAdapterCache"" -Confirm:$false -ErrorAction SilentlyContinue",Timestomping Timestamp Anomaly (MEDIUM); Suspicious Injection / Memory APIs (MEDIUM)
2214bea9,Task: SilentCleanup,Scheduled Task,MEDIUM,15,Task Scheduler: \Microsoft\Windows\DiskCleanup\SilentCleanup,%windir%\system32\cleanmgr.exe /autocleanstoragesense /d %systemdrive%,C:\WINDOWS\system32\cleanmgr.exe,True,Users (On demand only),True,Valid,Microsoft Windows,28ce8591811dea64e397b1464b982b14d6fd856dfe8ff16ec34fa16673efdf61,66f0247d7d164583993cbbea965247b2,5.8208,False,"Unregister-ScheduledTask -TaskName ""\Microsoft\Windows\DiskCleanup\SilentCleanup"" -Confirm:$false -ErrorAction SilentlyContinue",Timestomping Timestamp Anomaly (MEDIUM); Suspicious Injection / Memory APIs (MEDIUM)
f98144b4,Task: Microsoft-Windows-DiskDiagnosticResolver,Scheduled Task,MEDIUM,15,Task Scheduler: \Microsoft\Windows\DiskDiagnostic\Microsoft-Windows-DiskDiagnosticResolver,%windir%\system32\DFDWiz.exe ,C:\WINDOWS\system32\DFDWiz.exe,False,Users (At logon time),True,Valid,Microsoft Windows,1324bde18fcd29a46035896fb07cb99cd484cba396d5d062dd5e6f7ca4f7bff3,a6e3cba5d22776f545d290fa7e1c25fa,4.6474,False,"Unregister-ScheduledTask -TaskName ""\Microsoft\Windows\DiskDiagnostic\Microsoft-Windows-DiskDiagnosticResolver"" -Confirm:$false -ErrorAction SilentlyContinue",Timestomping Timestamp Anomaly (MEDIUM); Suspicious Injection / Memory APIs (MEDIUM)
9db93537,Task: dusmtask,Scheduled Task,MEDIUM,15,Task Scheduler: \Microsoft\Windows\DUSM\dusmtask,%SystemRoot%\System32\dusmtask.exe ,C:\WINDOWS\System32\dusmtask.exe,True,INTERACTIVE (Undefined),True,Valid,Microsoft Windows,ab6e3d0b6c07527a9c1eb326f6618dbd29b366ac31a986f167014d4a81488fdb,00027627602fd1140cc0db54b495a30b,5.2226,False,"Unregister-ScheduledTask -TaskName ""\Microsoft\Windows\DUSM\dusmtask"" -Confirm:$false -ErrorAction SilentlyContinue",Timestomping Timestamp Anomaly (MEDIUM); Suspicious Injection / Memory APIs (MEDIUM)
ab64d0fb,Task: La57Cleanup,Scheduled Task,MEDIUM,15,Task Scheduler: \Microsoft\Windows\Kernel\La57Cleanup,%windir%\system32\la57setup.exe ,C:\WINDOWS\system32\la57setup.exe,True,SYSTEM (On demand only),True,Valid,Microsoft Windows,87818a146c92e721898ec43c4255bfd304c29725b21acb9f0588ca125e20fff3,60221499a28a97b2c152242e2ac22707,2.5859,False,"Unregister-ScheduledTask -TaskName ""\Microsoft\Windows\Kernel\La57Cleanup"" -Confirm:$false -ErrorAction SilentlyContinue",Timestomping Timestamp Anomaly (MEDIUM); Suspicious Injection / Memory APIs (MEDIUM)
c7dd1234,Task: WindowsActionDialog,Scheduled Task,MEDIUM,15,Task Scheduler: \Microsoft\Windows\Location\WindowsActionDialog,%windir%\System32\WindowsActionDialog.exe ,C:\WINDOWS\System32\WindowsActionDialog.exe,True,Authenticated Users (Undefined),True,Valid,Microsoft Windows,e2948568f3283437161c074c1c107c02a4307fed5b64d62a20ae41751c58bddc,f8cc1247bc2595440f4bc84d8c6c12a5,5.0077,False,"Unregister-ScheduledTask -TaskName ""\Microsoft\Windows\Location\WindowsActionDialog"" -Confirm:$false -ErrorAction SilentlyContinue",Timestomping Timestamp Anomaly (MEDIUM); Suspicious Injection / Memory APIs (MEDIUM)
dd3748cf,Task: Cellular,Scheduled Task,MEDIUM,15,Task Scheduler: \Microsoft\Windows\Management\Provisioning\Cellular,%windir%\system32\ProvTool.exe /turn 7 /source CellStateChangeTask,C:\WINDOWS\system32\ProvTool.exe,True,SYSTEM (Undefined),True,Valid,Microsoft Windows,bc459019cb8ab64a70d89a34844a9b05feb672ea61bda9dc7e669f4096f7278a,ea6efcc0b14c9fe1bf5f287194f35793,5.316,False,"Unregister-ScheduledTask -TaskName ""\Microsoft\Windows\Management\Provisioning\Cellular"" -Confirm:$false -ErrorAction SilentlyContinue",Timestomping Timestamp Anomaly (MEDIUM); Suspicious Injection / Memory APIs (MEDIUM)
258f581a,Task: Logon,Scheduled Task,MEDIUM,15,Task Scheduler: \Microsoft\Windows\Management\Provisioning\Logon,%windir%\system32\ProvTool.exe /turn 5 /source LogonIdleTask,C:\WINDOWS\system32\ProvTool.exe,True,SYSTEM (At logon time),True,Valid,Microsoft Windows,bc459019cb8ab64a70d89a34844a9b05feb672ea61bda9dc7e669f4096f7278a,ea6efcc0b14c9fe1bf5f287194f35793,5.316,False,"Unregister-ScheduledTask -TaskName ""\Microsoft\Windows\Management\Provisioning\Logon"" -Confirm:$false -ErrorAction SilentlyContinue",Timestomping Timestamp Anomaly (MEDIUM); Suspicious Injection / Memory APIs (MEDIUM)
c88b0488,Task: MdmDiagnosticsCleanup,Scheduled Task,MEDIUM,15,Task Scheduler: \Microsoft\Windows\Management\Provisioning\MdmDiagnosticsCleanup,%windir%\system32\MdmDiagnosticsTool.exe /clean,C:\WINDOWS\system32\MdmDiagnosticsTool.exe,False,SYSTEM (At system start up),True,Valid,Microsoft Windows,eb961ec7465cd5af331d933f12c0efce80ba50aafaea932b5ff45dc8714cc190,264af3f1a6087d3a0d322fcf2be29140,4.953,False,"Unregister-ScheduledTask -TaskName ""\Microsoft\Windows\Management\Provisioning\MdmDiagnosticsCleanup"" -Confirm:$false -ErrorAction SilentlyContinue",Timestomping Timestamp Anomaly (MEDIUM); Suspicious Injection / Memory APIs (MEDIUM)
9e5c52b3,Task: Retry,Scheduled Task,MEDIUM,15,Task Scheduler: \Microsoft\Windows\Management\Provisioning\Retry,%windir%\system32\ProvTool.exe /turn 5 /source ProvRetryTask,C:\WINDOWS\system32\ProvTool.exe,False,SYSTEM (At system start up),True,Valid,Microsoft Windows,bc459019cb8ab64a70d89a34844a9b05feb672ea61bda9dc7e669f4096f7278a,ea6efcc0b14c9fe1bf5f287194f35793,5.316,False,"Unregister-ScheduledTask -TaskName ""\Microsoft\Windows\Management\Provisioning\Retry"" -Confirm:$false -ErrorAction SilentlyContinue",Timestomping Timestamp Anomaly (MEDIUM); Suspicious Injection / Memory APIs (MEDIUM)
a8fecaa1,Task: RunOnReboot,Scheduled Task,MEDIUM,15,Task Scheduler: \Microsoft\Windows\Management\Provisioning\RunOnReboot,%windir%\system32\ProvTool.exe /turn 5 /source ContinueSessionTask,C:\WINDOWS\system32\ProvTool.exe,False,SYSTEM (At system start up),True,Valid,Microsoft Windows,bc459019cb8ab64a70d89a34844a9b05feb672ea61bda9dc7e669f4096f7278a,ea6efcc0b14c9fe1bf5f287194f35793,5.316,False,"Unregister-ScheduledTask -TaskName ""\Microsoft\Windows\Management\Provisioning\RunOnReboot"" -Confirm:$false -ErrorAction SilentlyContinue",Timestomping Timestamp Anomaly (MEDIUM); Suspicious Injection / Memory APIs (MEDIUM)
979b8286,Task: LPRemove,Scheduled Task,MEDIUM,15,Task Scheduler: \Microsoft\Windows\MUI\LPRemove,%windir%\system32\lpremove.exe ,C:\WINDOWS\system32\lpremove.exe,True,SYSTEM (On demand only),True,Valid,Microsoft Windows,80cfb46adc9870d9d3ce8685551162ca1c76d8c1a624a810893e332570fa62dd,39ca081450ad3e9a9245fb20e29bd1e4,5.0951,False,"Unregister-ScheduledTask -TaskName ""\Microsoft\Windows\MUI\LPRemove"" -Confirm:$false -ErrorAction SilentlyContinue",Timestomping Timestamp Anomaly (MEDIUM); Suspicious Injection / Memory APIs (MEDIUM)
dcf9f9a8,Task: WiFiTask,Scheduled Task,MEDIUM,15,Task Scheduler: \Microsoft\Windows\NlaSvc\WiFiTask,%SystemRoot%\System32\WiFiTask.exe nla,C:\WINDOWS\System32\WiFiTask.exe,True,INTERACTIVE (Undefined),True,Valid,Microsoft Windows,c9694091a46d1f0afaefe2c29d055c2a2feb14e084e961bc378b4aa090cb8ad8,fa1d959f3251808514812bd4a80bc155,5.6894,False,"Unregister-ScheduledTask -TaskName ""\Microsoft\Windows\NlaSvc\WiFiTask"" -Confirm:$false -ErrorAction SilentlyContinue",Timestomping Timestamp Anomaly (MEDIUM); Suspicious Injection / Memory APIs (MEDIUM)
5b62c8f4,Task: Sysprep Generalize Drivers,Scheduled Task,MEDIUM,15,Task Scheduler: \Microsoft\Windows\Plug and Play\Sysprep Generalize Drivers,%SystemRoot%\System32\drvinst.exe 6,C:\WINDOWS\System32\drvinst.exe,True,SYSTEM (On demand only),True,Valid,Microsoft Windows,1200385f981f9b324132701ea2ac7a5db24c06172fe1b6561c9aa99fe8811e1a,9d34385f5feff44b67b1e404eb88edff,6.1306,False,"Unregister-ScheduledTask -TaskName ""\Microsoft\Windows\Plug and Play\Sysprep Generalize Drivers"" -Confirm:$false -ErrorAction SilentlyContinue",Timestomping Timestamp Anomaly (MEDIUM); Suspicious Injection / Memory APIs (MEDIUM)
d8fde6a6,Task: EduPrintProv,Scheduled Task,MEDIUM,15,Task Scheduler: \Microsoft\Windows\Printing\EduPrintProv,%windir%\system32\eduprintprov.exe ,C:\WINDOWS\system32\eduprintprov.exe,True,INTERACTIVE (Undefined),True,Valid,Microsoft Windows,6616e1daaa25f268c682d2fa78b01e04350c2f572fb7fc93a453550234bb3c74,d76b6ee8e4270f8f5f460e3c5089ec69,5.4691,False,"Unregister-ScheduledTask -TaskName ""\Microsoft\Windows\Printing\EduPrintProv"" -Confirm:$false -ErrorAction SilentlyContinue",Timestomping Timestamp Anomaly (MEDIUM); Suspicious Injection / Memory APIs (MEDIUM)
6520f9e4,Task: FamilySafetyMonitor,Scheduled Task,MEDIUM,15,Task Scheduler: \Microsoft\Windows\Shell\FamilySafetyMonitor,%windir%\System32\wpcmon.exe ,C:\WINDOWS\System32\wpcmon.exe,True,SYSTEM (On demand only),True,Valid,Microsoft Windows,55e9604ec5d6a383d069670cc1461cdd4affb8f74f396df3349cfefd5ed5c6e1,8890110cb0d85bb300818e1efb2a06ce,6.337,False,"Unregister-ScheduledTask -TaskName ""\Microsoft\Windows\Shell\FamilySafetyMonitor"" -Confirm:$false -ErrorAction SilentlyContinue",Timestomping Timestamp Anomaly (MEDIUM); Suspicious Injection / Memory APIs (MEDIUM)
21db0d41,Task: SpaceAgentTask,Scheduled Task,MEDIUM,15,Task Scheduler: \Microsoft\Windows\SpacePort\SpaceAgentTask,%windir%\system32\SpaceAgent.exe ,C:\WINDOWS\system32\SpaceAgent.exe,True,SYSTEM (At system start up),True,Valid,Microsoft Windows,38bf8e3cf47f57dd4b93c96222547fc9bf2c9b2b6268602b3571967206610c10,709afbb18fee2c297b389fb386edb2c3,5.8882,False,"Unregister-ScheduledTask -TaskName ""\Microsoft\Windows\SpacePort\SpaceAgentTask"" -Confirm:$false -ErrorAction SilentlyContinue",Timestomping Timestamp Anomaly (MEDIUM); Suspicious Injection / Memory APIs (MEDIUM)
fea357e2,Task: SpaceAgentTask,Scheduled Task,MEDIUM,15,Task Scheduler: \Microsoft\Windows\SpacePort\SpaceAgentTask,%windir%\system32\SpaceAgent.exe ,C:\WINDOWS\system32\SpaceAgent.exe,True,SYSTEM (Undefined),True,Valid,Microsoft Windows,38bf8e3cf47f57dd4b93c96222547fc9bf2c9b2b6268602b3571967206610c10,709afbb18fee2c297b389fb386edb2c3,5.8882,False,"Unregister-ScheduledTask -TaskName ""\Microsoft\Windows\SpacePort\SpaceAgentTask"" -Confirm:$false -ErrorAction SilentlyContinue",Timestomping Timestamp Anomaly (MEDIUM); Suspicious Injection / Memory APIs (MEDIUM)
44d09f0f,Task: SpaceManagerTask,Scheduled Task,MEDIUM,15,Task Scheduler: \Microsoft\Windows\SpacePort\SpaceManagerTask,%windir%\system32\spaceman.exe /Work,C:\WINDOWS\system32\spaceman.exe,True,SYSTEM (At system start up),True,Valid,Microsoft Windows,46c985df6910eaa8356a474deff393cb56e63fd210852571a253284deaf8cfd1,db85eaa99e106343c7b73df797f1c38d,5.4111,False,"Unregister-ScheduledTask -TaskName ""\Microsoft\Windows\SpacePort\SpaceManagerTask"" -Confirm:$false -ErrorAction SilentlyContinue",Timestomping Timestamp Anomaly (MEDIUM); Suspicious Injection / Memory APIs (MEDIUM)
5238452b,Task: SpaceManagerTask,Scheduled Task,MEDIUM,15,Task Scheduler: \Microsoft\Windows\SpacePort\SpaceManagerTask,%windir%\system32\spaceman.exe /Work,C:\WINDOWS\system32\spaceman.exe,True,SYSTEM (Undefined),True,Valid,Microsoft Windows,46c985df6910eaa8356a474deff393cb56e63fd210852571a253284deaf8cfd1,db85eaa99e106343c7b73df797f1c38d,5.4111,False,"Unregister-ScheduledTask -TaskName ""\Microsoft\Windows\SpacePort\SpaceManagerTask"" -Confirm:$false -ErrorAction SilentlyContinue",Timestomping Timestamp Anomaly (MEDIUM); Suspicious Injection / Memory APIs (MEDIUM)
9ec7b86c,Task: EnableLicenseAcquisition,Scheduled Task,MEDIUM,15,Task Scheduler: \Microsoft\Windows\Subscription\EnableLicenseAcquisition,%SystemRoot%\system32\ClipRenew.exe -e,C:\WINDOWS\system32\ClipRenew.exe,True,SYSTEM (When an event occurs),True,Valid,Microsoft Windows,728db7fafa66379e1c9aea38d4e04737dcafcad2cb20cf5bcdf10ece1ae23514,9d6e9a0a4c7ce3b375dbe744588117fd,6.0114,False,"Unregister-ScheduledTask -TaskName ""\Microsoft\Windows\Subscription\EnableLicenseAcquisition"" -Confirm:$false -ErrorAction SilentlyContinue",Timestomping Timestamp Anomaly (MEDIUM); Suspicious Injection / Memory APIs (MEDIUM)
48a937a0,Task: EnableLicenseAcquisition,Scheduled Task,MEDIUM,15,Task Scheduler: \Microsoft\Windows\Subscription\EnableLicenseAcquisition,%SystemRoot%\system32\ClipRenew.exe -e,C:\WINDOWS\system32\ClipRenew.exe,True,SYSTEM (When an event occurs),True,Valid,Microsoft Windows,728db7fafa66379e1c9aea38d4e04737dcafcad2cb20cf5bcdf10ece1ae23514,9d6e9a0a4c7ce3b375dbe744588117fd,6.0114,False,"Unregister-ScheduledTask -TaskName ""\Microsoft\Windows\Subscription\EnableLicenseAcquisition"" -Confirm:$false -ErrorAction SilentlyContinue",Timestomping Timestamp Anomaly (MEDIUM); Suspicious Injection / Memory APIs (MEDIUM)
90efa598,Task: EnableLicenseAcquisition,Scheduled Task,MEDIUM,15,Task Scheduler: \Microsoft\Windows\Subscription\EnableLicenseAcquisition,%SystemRoot%\system32\ClipRenew.exe -e,C:\WINDOWS\system32\ClipRenew.exe,True,SYSTEM (Undefined),True,Valid,Microsoft Windows,728db7fafa66379e1c9aea38d4e04737dcafcad2cb20cf5bcdf10ece1ae23514,9d6e9a0a4c7ce3b375dbe744588117fd,6.0114,False,"Unregister-ScheduledTask -TaskName ""\Microsoft\Windows\Subscription\EnableLicenseAcquisition"" -Confirm:$false -ErrorAction SilentlyContinue",Timestomping Timestamp Anomaly (MEDIUM); Suspicious Injection / Memory APIs (MEDIUM)
dcd51870,Task: LicenseAcquisition,Scheduled Task,MEDIUM,15,Task Scheduler: \Microsoft\Windows\Subscription\LicenseAcquisition,%SystemRoot%\system32\ClipRenew.exe ,C:\WINDOWS\system32\ClipRenew.exe,False,INTERACTIVE (Daily ),True,Valid,Microsoft Windows,728db7fafa66379e1c9aea38d4e04737dcafcad2cb20cf5bcdf10ece1ae23514,9d6e9a0a4c7ce3b375dbe744588117fd,6.0114,False,"Unregister-ScheduledTask -TaskName ""\Microsoft\Windows\Subscription\LicenseAcquisition"" -Confirm:$false -ErrorAction SilentlyContinue",Timestomping Timestamp Anomaly (MEDIUM); Suspicious Injection / Memory APIs (MEDIUM)
ecccebf1,Task: LicenseAcquisition,Scheduled Task,MEDIUM,15,Task Scheduler: \Microsoft\Windows\Subscription\LicenseAcquisition,%SystemRoot%\system32\ClipRenew.exe ,C:\WINDOWS\system32\ClipRenew.exe,False,INTERACTIVE (At system start up),True,Valid,Microsoft Windows,728db7fafa66379e1c9aea38d4e04737dcafcad2cb20cf5bcdf10ece1ae23514,9d6e9a0a4c7ce3b375dbe744588117fd,6.0114,False,"Unregister-ScheduledTask -TaskName ""\Microsoft\Windows\Subscription\LicenseAcquisition"" -Confirm:$false -ErrorAction SilentlyContinue",Timestomping Timestamp Anomaly (MEDIUM); Suspicious Injection / Memory APIs (MEDIUM)
cf3cd213,Task: LicenseAcquisition,Scheduled Task,MEDIUM,15,Task Scheduler: \Microsoft\Windows\Subscription\LicenseAcquisition,%SystemRoot%\system32\ClipRenew.exe ,C:\WINDOWS\system32\ClipRenew.exe,False,INTERACTIVE (Undefined),True,Valid,Microsoft Windows,728db7fafa66379e1c9aea38d4e04737dcafcad2cb20cf5bcdf10ece1ae23514,9d6e9a0a4c7ce3b375dbe744588117fd,6.0114,False,"Unregister-ScheduledTask -TaskName ""\Microsoft\Windows\Subscription\LicenseAcquisition"" -Confirm:$false -ErrorAction SilentlyContinue",Timestomping Timestamp Anomaly (MEDIUM); Suspicious Injection / Memory APIs (MEDIUM)
9ab5b791,Task: SynchronizeTime,Scheduled Task,MEDIUM,15,Task Scheduler: \Microsoft\Windows\Time Synchronization\SynchronizeTime,%windir%\system32\sc.exe start w32time task_started,C:\WINDOWS\system32\sc.exe,True,LOCAL SERVICE (On demand only),True,Valid,Microsoft Windows,67cbe3a7b9c9b7a2e9fb10a33c1a9a3fd297b6f1598aea374bd9b5d2dee352ec,ff2a4319fa5531f0d7b98dbba9abbd4a,4.6219,False,"Unregister-ScheduledTask -TaskName ""\Microsoft\Windows\Time Synchronization\SynchronizeTime"" -Confirm:$false -ErrorAction SilentlyContinue",Timestomping Timestamp Anomaly (MEDIUM); Suspicious Injection / Memory APIs (MEDIUM)
4795033d,Task: UPnPHostConfig,Scheduled Task,MEDIUM,15,Task Scheduler: \Microsoft\Windows\UPnP\UPnPHostConfig,sc.exe config upnphost start= auto,C:\WINDOWS\System32\sc.exe,True,SYSTEM (On demand only),True,Valid,Microsoft Windows,67cbe3a7b9c9b7a2e9fb10a33c1a9a3fd297b6f1598aea374bd9b5d2dee352ec,ff2a4319fa5531f0d7b98dbba9abbd4a,4.6219,False,"Unregister-ScheduledTask -TaskName ""\Microsoft\Windows\UPnP\UPnPHostConfig"" -Confirm:$false -ErrorAction SilentlyContinue",Timestomping Timestamp Anomaly (MEDIUM); Suspicious Injection / Memory APIs (MEDIUM)
5767ab01,Task: WiFiTask,Scheduled Task,MEDIUM,15,Task Scheduler: \Microsoft\Windows\WCM\WiFiTask,%SystemRoot%\System32\WiFiTask.exe ,C:\WINDOWS\System32\WiFiTask.exe,True,INTERACTIVE (Undefined),True,Valid,Microsoft Windows,c9694091a46d1f0afaefe2c29d055c2a2feb14e084e961bc378b4aa090cb8ad8,fa1d959f3251808514812bd4a80bc155,5.6894,False,"Unregister-ScheduledTask -TaskName ""\Microsoft\Windows\WCM\WiFiTask"" -Confirm:$false -ErrorAction SilentlyContinue",Timestomping Timestamp Anomaly (MEDIUM); Suspicious Injection / Memory APIs (MEDIUM)
4b92c573,Task: QueueReporting,Scheduled Task,MEDIUM,15,Task Scheduler: \Microsoft\Windows\Windows Error Reporting\QueueReporting,%windir%\system32\wermgr.exe -upload,C:\WINDOWS\system32\wermgr.exe,True,SYSTEM (At system start up),True,Valid,Microsoft Windows,3fec37468e6608cb9f7382d2c378157e770c23fd6b5ad5a8fb0ad8530b7acda5,16a1e647593e9943d4ce032aa0c410df,6.4346,False,"Unregister-ScheduledTask -TaskName ""\Microsoft\Windows\Windows Error Reporting\QueueReporting"" -Confirm:$false -ErrorAction SilentlyContinue",Timestomping Timestamp Anomaly (MEDIUM); Suspicious Injection / Memory APIs (MEDIUM)
f5d05fc2,Task: QueueReporting,Scheduled Task,MEDIUM,15,Task Scheduler: \Microsoft\Windows\Windows Error Reporting\QueueReporting,%windir%\system32\wermgr.exe -upload,C:\WINDOWS\system32\wermgr.exe,True,SYSTEM (Undefined),True,Valid,Microsoft Windows,3fec37468e6608cb9f7382d2c378157e770c23fd6b5ad5a8fb0ad8530b7acda5,16a1e647593e9943d4ce032aa0c410df,6.4346,False,"Unregister-ScheduledTask -TaskName ""\Microsoft\Windows\Windows Error Reporting\QueueReporting"" -Confirm:$false -ErrorAction SilentlyContinue",Timestomping Timestamp Anomaly (MEDIUM); Suspicious Injection / Memory APIs (MEDIUM)
cc9c989b,Task: QueueReporting,Scheduled Task,MEDIUM,15,Task Scheduler: \Microsoft\Windows\Windows Error Reporting\QueueReporting,%windir%\system32\wermgr.exe -upload,C:\WINDOWS\system32\wermgr.exe,True,SYSTEM (Undefined),True,Valid,Microsoft Windows,3fec37468e6608cb9f7382d2c378157e770c23fd6b5ad5a8fb0ad8530b7acda5,16a1e647593e9943d4ce032aa0c410df,6.4346,False,"Unregister-ScheduledTask -TaskName ""\Microsoft\Windows\Windows Error Reporting\QueueReporting"" -Confirm:$false -ErrorAction SilentlyContinue",Timestomping Timestamp Anomaly (MEDIUM); Suspicious Injection / Memory APIs (MEDIUM)
8bfe721c,Task: QueueReporting,Scheduled Task,MEDIUM,15,Task Scheduler: \Microsoft\Windows\Windows Error Reporting\QueueReporting,%windir%\system32\wermgr.exe -upload,C:\WINDOWS\system32\wermgr.exe,True,SYSTEM (Undefined),True,Valid,Microsoft Windows,3fec37468e6608cb9f7382d2c378157e770c23fd6b5ad5a8fb0ad8530b7acda5,16a1e647593e9943d4ce032aa0c410df,6.4346,False,"Unregister-ScheduledTask -TaskName ""\Microsoft\Windows\Windows Error Reporting\QueueReporting"" -Confirm:$false -ErrorAction SilentlyContinue",Timestomping Timestamp Anomaly (MEDIUM); Suspicious Injection / Memory APIs (MEDIUM)
0faa356c,Task: QueueReporting,Scheduled Task,MEDIUM,15,Task Scheduler: \Microsoft\Windows\Windows Error Reporting\QueueReporting,%windir%\system32\wermgr.exe -upload,C:\WINDOWS\system32\wermgr.exe,True,"SYSTEM (One Time Only, Hourly )",True,Valid,Microsoft Windows,3fec37468e6608cb9f7382d2c378157e770c23fd6b5ad5a8fb0ad8530b7acda5,16a1e647593e9943d4ce032aa0c410df,6.4346,False,"Unregister-ScheduledTask -TaskName ""\Microsoft\Windows\Windows Error Reporting\QueueReporting"" -Confirm:$false -ErrorAction SilentlyContinue",Timestomping Timestamp Anomaly (MEDIUM); Suspicious Injection / Memory APIs (MEDIUM)
44a93d95,Task: UpdateLibrary,Scheduled Task,MEDIUM,15,Task Scheduler: \Microsoft\Windows\Windows Media Sharing\UpdateLibrary,"%ProgramFiles%\Windows Media Player\wmpnscfg.exe"" """,C:\Program Files\Windows Media Player\wmpnscfg.exe,True,Authenticated Users (When an event occurs),True,Valid,"CN=Microsoft Windows, O=Microsoft Corporation, L=Redmond, S=Washington, C=US",d2401997559bf54deda0bcb1ea5c2529ac1f670dd3a70d44e7c114e2e33881f8,1d74f39ab9ff12109eda72b0b20a2d04,4.8616,False,"Unregister-ScheduledTask -TaskName ""\Microsoft\Windows\Windows Media Sharing\UpdateLibrary"" -Confirm:$false -ErrorAction SilentlyContinue",Timestomping Timestamp Anomaly (MEDIUM); Suspicious Injection / Memory APIs (MEDIUM)
5b5160b5,Task: Scheduled Start,Scheduled Task,MEDIUM,15,Task Scheduler: \Microsoft\Windows\WindowsUpdate\Scheduled Start,%systemroot%\System32\sc.exe start wuauserv,C:\WINDOWS\System32\sc.exe,True,SYSTEM (One Time Only),True,Valid,Microsoft Windows,67cbe3a7b9c9b7a2e9fb10a33c1a9a3fd297b6f1598aea374bd9b5d2dee352ec,ff2a4319fa5531f0d7b98dbba9abbd4a,4.6219,False,"Unregister-ScheduledTask -TaskName ""\Microsoft\Windows\WindowsUpdate\Scheduled Start"" -Confirm:$false -ErrorAction SilentlyContinue",Timestomping Timestamp Anomaly (MEDIUM); Suspicious Injection / Memory APIs (MEDIUM)
1c32e7ed,Task: Scheduled Start,Scheduled Task,MEDIUM,15,Task Scheduler: \Microsoft\Windows\WindowsUpdate\Scheduled Start,%systemroot%\System32\sc.exe start wuauserv,C:\WINDOWS\System32\sc.exe,True,SYSTEM (When an event occurs),True,Valid,Microsoft Windows,67cbe3a7b9c9b7a2e9fb10a33c1a9a3fd297b6f1598aea374bd9b5d2dee352ec,ff2a4319fa5531f0d7b98dbba9abbd4a,4.6219,False,"Unregister-ScheduledTask -TaskName ""\Microsoft\Windows\WindowsUpdate\Scheduled Start"" -Confirm:$false -ErrorAction SilentlyContinue",Timestomping Timestamp Anomaly (MEDIUM); Suspicious Injection / Memory APIs (MEDIUM)
a5c1997d,Task: Scheduled Start,Scheduled Task,MEDIUM,15,Task Scheduler: \Microsoft\Windows\WindowsUpdate\Scheduled Start,%systemroot%\System32\sc.exe start wuauserv,C:\WINDOWS\System32\sc.exe,True,SYSTEM (When an event occurs),True,Valid,Microsoft Windows,67cbe3a7b9c9b7a2e9fb10a33c1a9a3fd297b6f1598aea374bd9b5d2dee352ec,ff2a4319fa5531f0d7b98dbba9abbd4a,4.6219,False,"Unregister-ScheduledTask -TaskName ""\Microsoft\Windows\WindowsUpdate\Scheduled Start"" -Confirm:$false -ErrorAction SilentlyContinue",Timestomping Timestamp Anomaly (MEDIUM); Suspicious Injection / Memory APIs (MEDIUM)
1fbf3a11,Task: Scheduled Start,Scheduled Task,MEDIUM,15,Task Scheduler: \Microsoft\Windows\WindowsUpdate\Scheduled Start,%systemroot%\System32\sc.exe start wuauserv,C:\WINDOWS\System32\sc.exe,True,SYSTEM (Undefined),True,Valid,Microsoft Windows,67cbe3a7b9c9b7a2e9fb10a33c1a9a3fd297b6f1598aea374bd9b5d2dee352ec,ff2a4319fa5531f0d7b98dbba9abbd4a,4.6219,False,"Unregister-ScheduledTask -TaskName ""\Microsoft\Windows\WindowsUpdate\Scheduled Start"" -Confirm:$false -ErrorAction SilentlyContinue",Timestomping Timestamp Anomaly (MEDIUM); Suspicious Injection / Memory APIs (MEDIUM)
3ae984e8,Task: Automatic-Device-Join,Scheduled Task,MEDIUM,15,Task Scheduler: \Microsoft\Windows\Workplace Join\Automatic-Device-Join,%SystemRoot%\System32\dsregcmd.exe $(Arg0) $(Arg1) $(Arg2),C:\WINDOWS\System32\dsregcmd.exe,False,SYSTEM (At logon time),True,Valid,Microsoft Windows,93b4678db9b87eb32b64f7b6bd2679779cc96f4ac7e4a7677c4d7023a24ea196,f89f1eb3be1209912c6257a2f62387e7,6.2256,False,"Unregister-ScheduledTask -TaskName ""\Microsoft\Windows\Workplace Join\Automatic-Device-Join"" -Confirm:$false -ErrorAction SilentlyContinue",Timestomping Timestamp Anomaly (MEDIUM); Suspicious Injection / Memory APIs (MEDIUM)
669c2449,Task: Automatic-Device-Join,Scheduled Task,MEDIUM,15,Task Scheduler: \Microsoft\Windows\Workplace Join\Automatic-Device-Join,%SystemRoot%\System32\dsregcmd.exe $(Arg0) $(Arg1) $(Arg2),C:\WINDOWS\System32\dsregcmd.exe,False,SYSTEM (When an event occurs),True,Valid,Microsoft Windows,93b4678db9b87eb32b64f7b6bd2679779cc96f4ac7e4a7677c4d7023a24ea196,f89f1eb3be1209912c6257a2f62387e7,6.2256,False,"Unregister-ScheduledTask -TaskName ""\Microsoft\Windows\Workplace Join\Automatic-Device-Join"" -Confirm:$false -ErrorAction SilentlyContinue",Timestomping Timestamp Anomaly (MEDIUM); Suspicious Injection / Memory APIs (MEDIUM)
d1d05764,Task: Recovery-Check,Scheduled Task,MEDIUM,15,Task Scheduler: \Microsoft\Windows\Workplace Join\Recovery-Check,%SystemRoot%\System32\dsregcmd.exe /checkrecovery,C:\WINDOWS\System32\dsregcmd.exe,False,INTERACTIVE (At logon time),True,Valid,Microsoft Windows,93b4678db9b87eb32b64f7b6bd2679779cc96f4ac7e4a7677c4d7023a24ea196,f89f1eb3be1209912c6257a2f62387e7,6.2256,False,"Unregister-ScheduledTask -TaskName ""\Microsoft\Windows\Workplace Join\Recovery-Check"" -Confirm:$false -ErrorAction SilentlyContinue",Timestomping Timestamp Anomaly (MEDIUM); Suspicious Injection / Memory APIs (MEDIUM)
3582a4c0,Task: Recovery-Check,Scheduled Task,MEDIUM,15,Task Scheduler: \Microsoft\Windows\Workplace Join\Recovery-Check,%SystemRoot%\System32\dsregcmd.exe /checkrecovery,C:\WINDOWS\System32\dsregcmd.exe,False,INTERACTIVE (When an event occurs),True,Valid,Microsoft Windows,93b4678db9b87eb32b64f7b6bd2679779cc96f4ac7e4a7677c4d7023a24ea196,f89f1eb3be1209912c6257a2f62387e7,6.2256,False,"Unregister-ScheduledTask -TaskName ""\Microsoft\Windows\Workplace Join\Recovery-Check"" -Confirm:$false -ErrorAction SilentlyContinue",Timestomping Timestamp Anomaly (MEDIUM); Suspicious Injection / Memory APIs (MEDIUM)
f54d4308,Task: NotificationTask,Scheduled Task,MEDIUM,15,Task Scheduler: \Microsoft\Windows\WwanSvc\NotificationTask,%SystemRoot%\System32\WiFiTask.exe wwan,C:\WINDOWS\System32\WiFiTask.exe,True,INTERACTIVE (Undefined),True,Valid,Microsoft Windows,c9694091a46d1f0afaefe2c29d055c2a2feb14e084e961bc378b4aa090cb8ad8,fa1d959f3251808514812bd4a80bc155,5.6894,False,"Unregister-ScheduledTask -TaskName ""\Microsoft\Windows\WwanSvc\NotificationTask"" -Confirm:$false -ErrorAction SilentlyContinue",Timestomping Timestamp Anomaly (MEDIUM); Suspicious Injection / Memory APIs (MEDIUM)
c30015b2,Task: XblGameSaveTask,Scheduled Task,MEDIUM,15,Task Scheduler: \Microsoft\XblGameSave\XblGameSaveTask,%windir%\System32\XblGameSaveTask.exe standby,C:\WINDOWS\System32\XblGameSaveTask.exe,True,SYSTEM (At idle time),True,Valid,Microsoft Windows,582e9e706d439687e786595ac8c6397dc72009c7ef2e26526f76fead16d10f36,9505a6523b542f8e21220f43707bc507,4.2213,False,"Unregister-ScheduledTask -TaskName ""\Microsoft\XblGameSave\XblGameSaveTask"" -Confirm:$false -ErrorAction SilentlyContinue",Timestomping Timestamp Anomaly (MEDIUM); Suspicious Injection / Memory APIs (MEDIUM)
d83daee5,"Service: @C:\ProgramData\Microsoft\Windows Defender\Platform\4.18.26080.4-0\MpAsDesc.dll,-245",Windows Service,MEDIUM,15,HKLM\SYSTEM\CurrentControlSet\Services\MDCoreSvc,"""C:\ProgramData\Microsoft\Windows Defender\Platform\4.18.26080.4-0\MpDefenderCoreService.exe""",C:\ProgramData\Microsoft\Windows Defender\Platform\4.18.26080.4-0\MpDefenderCoreService.exe,True,LocalSystem (Auto Start),True,Valid,"CN=Microsoft Windows Publisher, O=Microsoft Corporation, L=Redmond, S=Washington, C=US",e185fe0598e3b23fa5b4a76b06e1983609857537849cb1ecef2f408bf41f06f6,7748dbd9a1bb2b984dce44c5652260dd,6.3607,False,"Stop-Service -Name ""MDCoreSvc"" -Force -ErrorAction SilentlyContinue; Set-Service -Name ""MDCoreSvc"" -StartupType Disabled",Timestomping Timestamp Anomaly (MEDIUM); Suspicious Injection / Memory APIs (MEDIUM)
13bcc846,"Service: @comres.dll,-2797",Windows Service,MEDIUM,15,HKLM\SYSTEM\CurrentControlSet\Services\MSDTC,%SystemRoot%\System32\msdtc.exe,C:\WINDOWS\System32\msdtc.exe,True,NT AUTHORITY\NetworkService (Delayed Auto Start),True,Valid,Microsoft Windows,2f20c5ee69298862a5e756d23edd87d35322a0d3e50760a55ff0f78706ee5d0b,a54b16b1b6c38d2c69ce87f4fbcd12aa,5.4287,False,"Stop-Service -Name ""MSDTC"" -Force -ErrorAction SilentlyContinue; Set-Service -Name ""MSDTC"" -StartupType Disabled",Timestomping Timestamp Anomaly (MEDIUM); Suspicious Injection / Memory APIs (MEDIUM)
d23ac612,"Service: @%systemroot%\system32\spoolsv.exe,-1",Windows Service,MEDIUM,15,HKLM\SYSTEM\CurrentControlSet\Services\Spooler,%SystemRoot%\System32\spoolsv.exe,C:\WINDOWS\System32\spoolsv.exe,True,LocalSystem (Auto Start),True,Valid,Microsoft Windows,699a1956cf55d5f588ffd1df4950073e543867366d0c0c1feee4dd6436c50f2f,5a121306ecc0ec9f4cdd7ddf00bc8575,6.3199,False,"Stop-Service -Name ""Spooler"" -Force -ErrorAction SilentlyContinue; Set-Service -Name ""Spooler"" -StartupType Disabled",Timestomping Timestamp Anomaly (MEDIUM); Suspicious Injection / Memory APIs (MEDIUM)
5e43b813,"Service: @%SystemRoot%\system32\sppsvc.exe,-101",Windows Service,MEDIUM,15,HKLM\SYSTEM\CurrentControlSet\Services\sppsvc,%SystemRoot%\system32\sppsvc.exe,C:\WINDOWS\system32\sppsvc.exe,True,NT AUTHORITY\NetworkService (Delayed Auto Start),True,Valid,Microsoft Windows,4801ec8390040304db8a199f1764e69b1095728ef2195a2ae18c811538197617,ad8b6854a1fca7df1228b4018f98c6b3,4.4965,False,"Stop-Service -Name ""sppsvc"" -Force -ErrorAction SilentlyContinue; Set-Service -Name ""sppsvc"" -StartupType Disabled",Timestomping Timestamp Anomaly (MEDIUM); Suspicious Injection / Memory APIs (MEDIUM)
06065469,"Service: @%systemroot%\system32\SearchIndexer.exe,-103",Windows Service,MEDIUM,15,HKLM\SYSTEM\CurrentControlSet\Services\WSearch,%systemroot%\system32\SearchIndexer.exe /Embedding,C:\WINDOWS\system32\SearchIndexer.exe,True,LocalSystem (Delayed Auto Start),True,Valid,Microsoft Windows,6b516d8a68b78205a1606c690b974e29fc8de38db206a5b21692afd435ac2e65,975f841230ad263c1372823091ddb0f9,6.3367,False,"Stop-Service -Name ""WSearch"" -Force -ErrorAction SilentlyContinue; Set-Service -Name ""WSearch"" -StartupType Disabled",Timestomping Timestamp Anomaly (MEDIUM); Suspicious Injection / Memory APIs (MEDIUM)
9fec6800,Driver: FileCrypt,System Driver,MEDIUM,15,HKLM\SYSTEM\CurrentControlSet\Services\FileCrypt,system32\drivers\filecrypt.sys,C:\WINDOWS\system32\drivers\filecrypt.sys,True,Kernel Space (System Driver),True,Valid,Microsoft Windows,5af6b10eb044dcc6205170dabf0258f0672965a341d38fbeb7ec58d1ec04fc21,e0a8c2dc2eda98e745c89fe6d861494f,4.6511,False,"Set-Service -Name ""FileCrypt"" -StartupType Disabled -ErrorAction SilentlyContinue",Timestomping Timestamp Anomaly (MEDIUM); Suspicious Injection / Memory APIs (MEDIUM)
61ab6799,Driver: fvevol,System Driver,MEDIUM,15,HKLM\SYSTEM\CurrentControlSet\Services\fvevol,System32\DRIVERS\fvevol.sys,C:\WINDOWS\System32\DRIVERS\fvevol.sys,True,Kernel Space (Boot Driver),True,Valid,Microsoft Windows,1b2fce014c15dd3a07f6c01719a847627b735cee4ad4c810097a17be6e2bf721,bc084559d630d70efcfe1879bd8f47a5,6.3249,False,"Set-Service -Name ""fvevol"" -StartupType Disabled -ErrorAction SilentlyContinue",Timestomping Timestamp Anomaly (MEDIUM); Suspicious Injection / Memory APIs (MEDIUM)
247d6936,Driver: KSecPkg,System Driver,MEDIUM,15,HKLM\SYSTEM\CurrentControlSet\Services\KSecPkg,System32\Drivers\ksecpkg.sys,C:\WINDOWS\System32\Drivers\ksecpkg.sys,True,Kernel Space (Boot Driver),True,Valid,Microsoft Windows,5baf88fe86d7cabedafbb9dfc82371116d2df80ccd02f4f8d4f5f551169cd1d2,9ec430268180cf0152f0efd23756af15,5.8694,False,"Set-Service -Name ""KSecPkg"" -StartupType Disabled -ErrorAction SilentlyContinue",Timestomping Timestamp Anomaly (MEDIUM); Suspicious Injection / Memory APIs (MEDIUM)
2add072f,Driver: Tcpip,System Driver,MEDIUM,15,HKLM\SYSTEM\CurrentControlSet\Services\Tcpip,System32\drivers\tcpip.sys,C:\WINDOWS\System32\drivers\tcpip.sys,True,Kernel Space (Boot Driver),True,Valid,Microsoft Windows,3a4ee6e5fbee87d92280fdf4e706eab284b250c62f71d76a6041f4d31e0b90e8,671cae3ba8b3a552073153ca3bb274c5,6.4089,False,"Set-Service -Name ""Tcpip"" -StartupType Disabled -ErrorAction SilentlyContinue",Timestomping Timestamp Anomaly (MEDIUM); Suspicious Injection / Memory APIs (MEDIUM)
ad9c6087,Active Setup: Themes Setup,Active Setup,LOW,10,HKLM\SOFTWARE\Microsoft\Active Setup\Installed Components\{2C7339CF-2B09-4501-B3F3-F3508C9228ED}\StubPath,/UserInstall,\UserInstall,True,HKLM,False,Unknown,,,,0.0,False,"Remove-ItemProperty -Path ""HKLM:\SOFTWARE\Microsoft\Active Setup\Installed Components\{2C7339CF-2B09-4501-B3F3-F3508C9228ED}"" -Name ""StubPath"" -ErrorAction SilentlyContinue",Orphaned Persistence Entry (Target Missing) (LOW)
5bb3171e,Active Setup: Windows Desktop Update,Active Setup,LOW,10,HKLM\SOFTWARE\Microsoft\Active Setup\Installed Components\{89820200-ECBD-11cf-8B85-00AA005B4340}\StubPath,U,U,True,HKLM,False,Unknown,,,,0.0,False,"Remove-ItemProperty -Path ""HKLM:\SOFTWARE\Microsoft\Active Setup\Installed Components\{89820200-ECBD-11cf-8B85-00AA005B4340}"" -Name ""StubPath"" -ErrorAction SilentlyContinue",Orphaned Persistence Entry (Target Missing) (LOW)
9488d078,Task: TaskName,Scheduled Task,LOW,10,Task Scheduler: TaskName,Task To Run,Task,True,Run As User (Schedule Type),False,Unknown,,,,0.0,False,"Unregister-ScheduledTask -TaskName ""TaskName"" -Confirm:$false -ErrorAction SilentlyContinue",Orphaned Persistence Entry (Target Missing) (LOW)
3719485a,Task: TaskName,Scheduled Task,LOW,10,Task Scheduler: TaskName,Task To Run,Task,True,Run As User (Schedule Type),False,Unknown,,,,0.0,False,"Unregister-ScheduledTask -TaskName ""TaskName"" -Confirm:$false -ErrorAction SilentlyContinue",Orphaned Persistence Entry (Target Missing) (LOW)
877fcc30,Task: TaskName,Scheduled Task,LOW,10,Task Scheduler: TaskName,Task To Run,Task,True,Run As User (Schedule Type),False,Unknown,,,,0.0,False,"Unregister-ScheduledTask -TaskName ""TaskName"" -Confirm:$false -ErrorAction SilentlyContinue",Orphaned Persistence Entry (Target Missing) (LOW)
e4d5afdd,Task: TaskName,Scheduled Task,LOW,10,Task Scheduler: TaskName,Task To Run,Task,True,Run As User (Schedule Type),False,Unknown,,,,0.0,False,"Unregister-ScheduledTask -TaskName ""TaskName"" -Confirm:$false -ErrorAction SilentlyContinue",Orphaned Persistence Entry (Target Missing) (LOW)
d8c7a78c,Task: TaskName,Scheduled Task,LOW,10,Task Scheduler: TaskName,Task To Run,Task,True,Run As User (Schedule Type),False,Unknown,,,,0.0,False,"Unregister-ScheduledTask -TaskName ""TaskName"" -Confirm:$false -ErrorAction SilentlyContinue",Orphaned Persistence Entry (Target Missing) (LOW)
9ae9c0fc,Task: TaskName,Scheduled Task,LOW,10,Task Scheduler: TaskName,Task To Run,Task,True,Run As User (Schedule Type),False,Unknown,,,,0.0,False,"Unregister-ScheduledTask -TaskName ""TaskName"" -Confirm:$false -ErrorAction SilentlyContinue",Orphaned Persistence Entry (Target Missing) (LOW)
c2e20706,Task: TaskName,Scheduled Task,LOW,10,Task Scheduler: TaskName,Task To Run,Task,True,Run As User (Schedule Type),False,Unknown,,,,0.0,False,"Unregister-ScheduledTask -TaskName ""TaskName"" -Confirm:$false -ErrorAction SilentlyContinue",Orphaned Persistence Entry (Target Missing) (LOW)
78535199,Task: TaskName,Scheduled Task,LOW,10,Task Scheduler: TaskName,Task To Run,Task,True,Run As User (Schedule Type),False,Unknown,,,,0.0,False,"Unregister-ScheduledTask -TaskName ""TaskName"" -Confirm:$false -ErrorAction SilentlyContinue",Orphaned Persistence Entry (Target Missing) (LOW)
34e98619,Task: TaskName,Scheduled Task,LOW,10,Task Scheduler: TaskName,Task To Run,Task,True,Run As User (Schedule Type),False,Unknown,,,,0.0,False,"Unregister-ScheduledTask -TaskName ""TaskName"" -Confirm:$false -ErrorAction SilentlyContinue",Orphaned Persistence Entry (Target Missing) (LOW)
260b2610,Task: TaskName,Scheduled Task,LOW,10,Task Scheduler: TaskName,Task To Run,Task,True,Run As User (Schedule Type),False,Unknown,,,,0.0,False,"Unregister-ScheduledTask -TaskName ""TaskName"" -Confirm:$false -ErrorAction SilentlyContinue",Orphaned Persistence Entry (Target Missing) (LOW)
e285ef60,Task: MareBackup,Scheduled Task,LOW,10,Task Scheduler: \Microsoft\Windows\Application Experience\MareBackup,Multiple actions,Multiple,True,SYSTEM (On demand only),False,Unknown,,,,0.0,False,"Unregister-ScheduledTask -TaskName ""\Microsoft\Windows\Application Experience\MareBackup"" -Confirm:$false -ErrorAction SilentlyContinue",Orphaned Persistence Entry (Target Missing) (LOW)
2cc5ef5c,Task: TaskName,Scheduled Task,LOW,10,Task Scheduler: TaskName,Task To Run,Task,True,Run As User (Schedule Type),False,Unknown,,,,0.0,False,"Unregister-ScheduledTask -TaskName ""TaskName"" -Confirm:$false -ErrorAction SilentlyContinue",Orphaned Persistence Entry (Target Missing) (LOW)
a7e78669,Task: TaskName,Scheduled Task,LOW,10,Task Scheduler: TaskName,Task To Run,Task,True,Run As User (Schedule Type),False,Unknown,,,,0.0,False,"Unregister-ScheduledTask -TaskName ""TaskName"" -Confirm:$false -ErrorAction SilentlyContinue",Orphaned Persistence Entry (Target Missing) (LOW)
8985b55a,Task: TaskName,Scheduled Task,LOW,10,Task Scheduler: TaskName,Task To Run,Task,True,Run As User (Schedule Type),False,Unknown,,,,0.0,False,"Unregister-ScheduledTask -TaskName ""TaskName"" -Confirm:$false -ErrorAction SilentlyContinue",Orphaned Persistence Entry (Target Missing) (LOW)
e41f08f7,Task: TaskName,Scheduled Task,LOW,10,Task Scheduler: TaskName,Task To Run,Task,True,Run As User (Schedule Type),False,Unknown,,,,0.0,False,"Unregister-ScheduledTask -TaskName ""TaskName"" -Confirm:$false -ErrorAction SilentlyContinue",Orphaned Persistence Entry (Target Missing) (LOW)
91f0a782,Task: TaskName,Scheduled Task,LOW,10,Task Scheduler: TaskName,Task To Run,Task,True,Run As User (Schedule Type),False,Unknown,,,,0.0,False,"Unregister-ScheduledTask -TaskName ""TaskName"" -Confirm:$false -ErrorAction SilentlyContinue",Orphaned Persistence Entry (Target Missing) (LOW)
e3154c2a,Task: TaskName,Scheduled Task,LOW,10,Task Scheduler: TaskName,Task To Run,Task,True,Run As User (Schedule Type),False,Unknown,,,,0.0,False,"Unregister-ScheduledTask -TaskName ""TaskName"" -Confirm:$false -ErrorAction SilentlyContinue",Orphaned Persistence Entry (Target Missing) (LOW)
689d43a3,Task: TaskName,Scheduled Task,LOW,10,Task Scheduler: TaskName,Task To Run,Task,True,Run As User (Schedule Type),False,Unknown,,,,0.0,False,"Unregister-ScheduledTask -TaskName ""TaskName"" -Confirm:$false -ErrorAction SilentlyContinue",Orphaned Persistence Entry (Target Missing) (LOW)
a72ba002,Task: TaskName,Scheduled Task,LOW,10,Task Scheduler: TaskName,Task To Run,Task,True,Run As User (Schedule Type),False,Unknown,,,,0.0,False,"Unregister-ScheduledTask -TaskName ""TaskName"" -Confirm:$false -ErrorAction SilentlyContinue",Orphaned Persistence Entry (Target Missing) (LOW)
0c0855cd,Task: TaskName,Scheduled Task,LOW,10,Task Scheduler: TaskName,Task To Run,Task,True,Run As User (Schedule Type),False,Unknown,,,,0.0,False,"Unregister-ScheduledTask -TaskName ""TaskName"" -Confirm:$false -ErrorAction SilentlyContinue",Orphaned Persistence Entry (Target Missing) (LOW)
22df4b72,Task: TaskName,Scheduled Task,LOW,10,Task Scheduler: TaskName,Task To Run,Task,True,Run As User (Schedule Type),False,Unknown,,,,0.0,False,"Unregister-ScheduledTask -TaskName ""TaskName"" -Confirm:$false -ErrorAction SilentlyContinue",Orphaned Persistence Entry (Target Missing) (LOW)
0313f094,Task: TaskName,Scheduled Task,LOW,10,Task Scheduler: TaskName,Task To Run,Task,True,Run As User (Schedule Type),False,Unknown,,,,0.0,False,"Unregister-ScheduledTask -TaskName ""TaskName"" -Confirm:$false -ErrorAction SilentlyContinue",Orphaned Persistence Entry (Target Missing) (LOW)
46a29a3c,Task: TaskName,Scheduled Task,LOW,10,Task Scheduler: TaskName,Task To Run,Task,True,Run As User (Schedule Type),False,Unknown,,,,0.0,False,"Unregister-ScheduledTask -TaskName ""TaskName"" -Confirm:$false -ErrorAction SilentlyContinue",Orphaned Persistence Entry (Target Missing) (LOW)
6d7d0f01,Task: TaskName,Scheduled Task,LOW,10,Task Scheduler: TaskName,Task To Run,Task,True,Run As User (Schedule Type),False,Unknown,,,,0.0,False,"Unregister-ScheduledTask -TaskName ""TaskName"" -Confirm:$false -ErrorAction SilentlyContinue",Orphaned Persistence Entry (Target Missing) (LOW)
2b5846e3,Task: TaskName,Scheduled Task,LOW,10,Task Scheduler: TaskName,Task To Run,Task,True,Run As User (Schedule Type),False,Unknown,,,,0.0,False,"Unregister-ScheduledTask -TaskName ""TaskName"" -Confirm:$false -ErrorAction SilentlyContinue",Orphaned Persistence Entry (Target Missing) (LOW)
f502a73b,Task: TaskName,Scheduled Task,LOW,10,Task Scheduler: TaskName,Task To Run,Task,True,Run As User (Schedule Type),False,Unknown,,,,0.0,False,"Unregister-ScheduledTask -TaskName ""TaskName"" -Confirm:$false -ErrorAction SilentlyContinue",Orphaned Persistence Entry (Target Missing) (LOW)
6bef69da,Task: TaskName,Scheduled Task,LOW,10,Task Scheduler: TaskName,Task To Run,Task,True,Run As User (Schedule Type),False,Unknown,,,,0.0,False,"Unregister-ScheduledTask -TaskName ""TaskName"" -Confirm:$false -ErrorAction SilentlyContinue",Orphaned Persistence Entry (Target Missing) (LOW)
9c4a8fe7,Task: TaskName,Scheduled Task,LOW,10,Task Scheduler: TaskName,Task To Run,Task,True,Run As User (Schedule Type),False,Unknown,,,,0.0,False,"Unregister-ScheduledTask -TaskName ""TaskName"" -Confirm:$false -ErrorAction SilentlyContinue",Orphaned Persistence Entry (Target Missing) (LOW)
f07d7f0f,Task: TaskName,Scheduled Task,LOW,10,Task Scheduler: TaskName,Task To Run,Task,True,Run As User (Schedule Type),False,Unknown,,,,0.0,False,"Unregister-ScheduledTask -TaskName ""TaskName"" -Confirm:$false -ErrorAction SilentlyContinue",Orphaned Persistence Entry (Target Missing) (LOW)
d9648dd6,Task: TaskName,Scheduled Task,LOW,10,Task Scheduler: TaskName,Task To Run,Task,True,Run As User (Schedule Type),False,Unknown,,,,0.0,False,"Unregister-ScheduledTask -TaskName ""TaskName"" -Confirm:$false -ErrorAction SilentlyContinue",Orphaned Persistence Entry (Target Missing) (LOW)
4daf2702,Task: TaskName,Scheduled Task,LOW,10,Task Scheduler: TaskName,Task To Run,Task,True,Run As User (Schedule Type),False,Unknown,,,,0.0,False,"Unregister-ScheduledTask -TaskName ""TaskName"" -Confirm:$false -ErrorAction SilentlyContinue",Orphaned Persistence Entry (Target Missing) (LOW)
92b00f8c,Task: TaskName,Scheduled Task,LOW,10,Task Scheduler: TaskName,Task To Run,Task,True,Run As User (Schedule Type),False,Unknown,,,,0.0,False,"Unregister-ScheduledTask -TaskName ""TaskName"" -Confirm:$false -ErrorAction SilentlyContinue",Orphaned Persistence Entry (Target Missing) (LOW)
c115b627,Task: TaskName,Scheduled Task,LOW,10,Task Scheduler: TaskName,Task To Run,Task,True,Run As User (Schedule Type),False,Unknown,,,,0.0,False,"Unregister-ScheduledTask -TaskName ""TaskName"" -Confirm:$false -ErrorAction SilentlyContinue",Orphaned Persistence Entry (Target Missing) (LOW)
053e3ee6,Task: TaskName,Scheduled Task,LOW,10,Task Scheduler: TaskName,Task To Run,Task,True,Run As User (Schedule Type),False,Unknown,,,,0.0,False,"Unregister-ScheduledTask -TaskName ""TaskName"" -Confirm:$false -ErrorAction SilentlyContinue",Orphaned Persistence Entry (Target Missing) (LOW)
f5240263,Task: TaskName,Scheduled Task,LOW,10,Task Scheduler: TaskName,Task To Run,Task,True,Run As User (Schedule Type),False,Unknown,,,,0.0,False,"Unregister-ScheduledTask -TaskName ""TaskName"" -Confirm:$false -ErrorAction SilentlyContinue",Orphaned Persistence Entry (Target Missing) (LOW)
4f7fc553,Task: TaskName,Scheduled Task,LOW,10,Task Scheduler: TaskName,Task To Run,Task,True,Run As User (Schedule Type),False,Unknown,,,,0.0,False,"Unregister-ScheduledTask -TaskName ""TaskName"" -Confirm:$false -ErrorAction SilentlyContinue",Orphaned Persistence Entry (Target Missing) (LOW)
ebb63059,Task: TaskName,Scheduled Task,LOW,10,Task Scheduler: TaskName,Task To Run,Task,True,Run As User (Schedule Type),False,Unknown,,,,0.0,False,"Unregister-ScheduledTask -TaskName ""TaskName"" -Confirm:$false -ErrorAction SilentlyContinue",Orphaned Persistence Entry (Target Missing) (LOW)
dbf6e25b,Task: TaskName,Scheduled Task,LOW,10,Task Scheduler: TaskName,Task To Run,Task,True,Run As User (Schedule Type),False,Unknown,,,,0.0,False,"Unregister-ScheduledTask -TaskName ""TaskName"" -Confirm:$false -ErrorAction SilentlyContinue",Orphaned Persistence Entry (Target Missing) (LOW)
68694272,Task: TaskName,Scheduled Task,LOW,10,Task Scheduler: TaskName,Task To Run,Task,True,Run As User (Schedule Type),False,Unknown,,,,0.0,False,"Unregister-ScheduledTask -TaskName ""TaskName"" -Confirm:$false -ErrorAction SilentlyContinue",Orphaned Persistence Entry (Target Missing) (LOW)
80a0f4cd,Task: TaskName,Scheduled Task,LOW,10,Task Scheduler: TaskName,Task To Run,Task,True,Run As User (Schedule Type),False,Unknown,,,,0.0,False,"Unregister-ScheduledTask -TaskName ""TaskName"" -Confirm:$false -ErrorAction SilentlyContinue",Orphaned Persistence Entry (Target Missing) (LOW)
8961723a,Task: TaskName,Scheduled Task,LOW,10,Task Scheduler: TaskName,Task To Run,Task,True,Run As User (Schedule Type),False,Unknown,,,,0.0,False,"Unregister-ScheduledTask -TaskName ""TaskName"" -Confirm:$false -ErrorAction SilentlyContinue",Orphaned Persistence Entry (Target Missing) (LOW)
9cec2565,Task: TaskName,Scheduled Task,LOW,10,Task Scheduler: TaskName,Task To Run,Task,True,Run As User (Schedule Type),False,Unknown,,,,0.0,False,"Unregister-ScheduledTask -TaskName ""TaskName"" -Confirm:$false -ErrorAction SilentlyContinue",Orphaned Persistence Entry (Target Missing) (LOW)
762723e3,Task: TaskName,Scheduled Task,LOW,10,Task Scheduler: TaskName,Task To Run,Task,True,Run As User (Schedule Type),False,Unknown,,,,0.0,False,"Unregister-ScheduledTask -TaskName ""TaskName"" -Confirm:$false -ErrorAction SilentlyContinue",Orphaned Persistence Entry (Target Missing) (LOW)
2faab88f,Task: TaskName,Scheduled Task,LOW,10,Task Scheduler: TaskName,Task To Run,Task,True,Run As User (Schedule Type),False,Unknown,,,,0.0,False,"Unregister-ScheduledTask -TaskName ""TaskName"" -Confirm:$false -ErrorAction SilentlyContinue",Orphaned Persistence Entry (Target Missing) (LOW)
574e166c,Task: TaskName,Scheduled Task,LOW,10,Task Scheduler: TaskName,Task To Run,Task,True,Run As User (Schedule Type),False,Unknown,,,,0.0,False,"Unregister-ScheduledTask -TaskName ""TaskName"" -Confirm:$false -ErrorAction SilentlyContinue",Orphaned Persistence Entry (Target Missing) (LOW)
e4ed9049,Task: TaskName,Scheduled Task,LOW,10,Task Scheduler: TaskName,Task To Run,Task,True,Run As User (Schedule Type),False,Unknown,,,,0.0,False,"Unregister-ScheduledTask -TaskName ""TaskName"" -Confirm:$false -ErrorAction SilentlyContinue",Orphaned Persistence Entry (Target Missing) (LOW)
88bbf888,Task: TaskName,Scheduled Task,LOW,10,Task Scheduler: TaskName,Task To Run,Task,True,Run As User (Schedule Type),False,Unknown,,,,0.0,False,"Unregister-ScheduledTask -TaskName ""TaskName"" -Confirm:$false -ErrorAction SilentlyContinue",Orphaned Persistence Entry (Target Missing) (LOW)
fa9fb13e,Task: TaskName,Scheduled Task,LOW,10,Task Scheduler: TaskName,Task To Run,Task,True,Run As User (Schedule Type),False,Unknown,,,,0.0,False,"Unregister-ScheduledTask -TaskName ""TaskName"" -Confirm:$false -ErrorAction SilentlyContinue",Orphaned Persistence Entry (Target Missing) (LOW)
66b42240,Task: TaskName,Scheduled Task,LOW,10,Task Scheduler: TaskName,Task To Run,Task,True,Run As User (Schedule Type),False,Unknown,,,,0.0,False,"Unregister-ScheduledTask -TaskName ""TaskName"" -Confirm:$false -ErrorAction SilentlyContinue",Orphaned Persistence Entry (Target Missing) (LOW)
fb7458d4,Task: TaskName,Scheduled Task,LOW,10,Task Scheduler: TaskName,Task To Run,Task,True,Run As User (Schedule Type),False,Unknown,,,,0.0,False,"Unregister-ScheduledTask -TaskName ""TaskName"" -Confirm:$false -ErrorAction SilentlyContinue",Orphaned Persistence Entry (Target Missing) (LOW)
56259348,Task: TaskName,Scheduled Task,LOW,10,Task Scheduler: TaskName,Task To Run,Task,True,Run As User (Schedule Type),False,Unknown,,,,0.0,False,"Unregister-ScheduledTask -TaskName ""TaskName"" -Confirm:$false -ErrorAction SilentlyContinue",Orphaned Persistence Entry (Target Missing) (LOW)
bb2d79d0,Task: TaskName,Scheduled Task,LOW,10,Task Scheduler: TaskName,Task To Run,Task,True,Run As User (Schedule Type),False,Unknown,,,,0.0,False,"Unregister-ScheduledTask -TaskName ""TaskName"" -Confirm:$false -ErrorAction SilentlyContinue",Orphaned Persistence Entry (Target Missing) (LOW)
7a26d80d,Task: TaskName,Scheduled Task,LOW,10,Task Scheduler: TaskName,Task To Run,Task,True,Run As User (Schedule Type),False,Unknown,,,,0.0,False,"Unregister-ScheduledTask -TaskName ""TaskName"" -Confirm:$false -ErrorAction SilentlyContinue",Orphaned Persistence Entry (Target Missing) (LOW)
77228ac5,Task: TaskName,Scheduled Task,LOW,10,Task Scheduler: TaskName,Task To Run,Task,True,Run As User (Schedule Type),False,Unknown,,,,0.0,False,"Unregister-ScheduledTask -TaskName ""TaskName"" -Confirm:$false -ErrorAction SilentlyContinue",Orphaned Persistence Entry (Target Missing) (LOW)
48584467,Task: TaskName,Scheduled Task,LOW,10,Task Scheduler: TaskName,Task To Run,Task,True,Run As User (Schedule Type),False,Unknown,,,,0.0,False,"Unregister-ScheduledTask -TaskName ""TaskName"" -Confirm:$false -ErrorAction SilentlyContinue",Orphaned Persistence Entry (Target Missing) (LOW)
1476c0a2,Task: TaskName,Scheduled Task,LOW,10,Task Scheduler: TaskName,Task To Run,Task,True,Run As User (Schedule Type),False,Unknown,,,,0.0,False,"Unregister-ScheduledTask -TaskName ""TaskName"" -Confirm:$false -ErrorAction SilentlyContinue",Orphaned Persistence Entry (Target Missing) (LOW)
78a9f186,Task: TaskName,Scheduled Task,LOW,10,Task Scheduler: TaskName,Task To Run,Task,True,Run As User (Schedule Type),False,Unknown,,,,0.0,False,"Unregister-ScheduledTask -TaskName ""TaskName"" -Confirm:$false -ErrorAction SilentlyContinue",Orphaned Persistence Entry (Target Missing) (LOW)
c07c6f37,Task: TaskName,Scheduled Task,LOW,10,Task Scheduler: TaskName,Task To Run,Task,True,Run As User (Schedule Type),False,Unknown,,,,0.0,False,"Unregister-ScheduledTask -TaskName ""TaskName"" -Confirm:$false -ErrorAction SilentlyContinue",Orphaned Persistence Entry (Target Missing) (LOW)
478aa1c4,Task: TaskName,Scheduled Task,LOW,10,Task Scheduler: TaskName,Task To Run,Task,True,Run As User (Schedule Type),False,Unknown,,,,0.0,False,"Unregister-ScheduledTask -TaskName ""TaskName"" -Confirm:$false -ErrorAction SilentlyContinue",Orphaned Persistence Entry (Target Missing) (LOW)
fe4a4cc1,Task: TaskName,Scheduled Task,LOW,10,Task Scheduler: TaskName,Task To Run,Task,True,Run As User (Schedule Type),False,Unknown,,,,0.0,False,"Unregister-ScheduledTask -TaskName ""TaskName"" -Confirm:$false -ErrorAction SilentlyContinue",Orphaned Persistence Entry (Target Missing) (LOW)
c7a41e73,Task: TaskName,Scheduled Task,LOW,10,Task Scheduler: TaskName,Task To Run,Task,True,Run As User (Schedule Type),False,Unknown,,,,0.0,False,"Unregister-ScheduledTask -TaskName ""TaskName"" -Confirm:$false -ErrorAction SilentlyContinue",Orphaned Persistence Entry (Target Missing) (LOW)
cc820d39,Task: TaskName,Scheduled Task,LOW,10,Task Scheduler: TaskName,Task To Run,Task,True,Run As User (Schedule Type),False,Unknown,,,,0.0,False,"Unregister-ScheduledTask -TaskName ""TaskName"" -Confirm:$false -ErrorAction SilentlyContinue",Orphaned Persistence Entry (Target Missing) (LOW)
7b03670a,Task: TaskName,Scheduled Task,LOW,10,Task Scheduler: TaskName,Task To Run,Task,True,Run As User (Schedule Type),False,Unknown,,,,0.0,False,"Unregister-ScheduledTask -TaskName ""TaskName"" -Confirm:$false -ErrorAction SilentlyContinue",Orphaned Persistence Entry (Target Missing) (LOW)
423d1170,Task: TaskName,Scheduled Task,LOW,10,Task Scheduler: TaskName,Task To Run,Task,True,Run As User (Schedule Type),False,Unknown,,,,0.0,False,"Unregister-ScheduledTask -TaskName ""TaskName"" -Confirm:$false -ErrorAction SilentlyContinue",Orphaned Persistence Entry (Target Missing) (LOW)
1ccc7a6e,Task: TaskName,Scheduled Task,LOW,10,Task Scheduler: TaskName,Task To Run,Task,True,Run As User (Schedule Type),False,Unknown,,,,0.0,False,"Unregister-ScheduledTask -TaskName ""TaskName"" -Confirm:$false -ErrorAction SilentlyContinue",Orphaned Persistence Entry (Target Missing) (LOW)
f62d4c96,Task: TaskName,Scheduled Task,LOW,10,Task Scheduler: TaskName,Task To Run,Task,True,Run As User (Schedule Type),False,Unknown,,,,0.0,False,"Unregister-ScheduledTask -TaskName ""TaskName"" -Confirm:$false -ErrorAction SilentlyContinue",Orphaned Persistence Entry (Target Missing) (LOW)
7a5f39ea,Task: TaskName,Scheduled Task,LOW,10,Task Scheduler: TaskName,Task To Run,Task,True,Run As User (Schedule Type),False,Unknown,,,,0.0,False,"Unregister-ScheduledTask -TaskName ""TaskName"" -Confirm:$false -ErrorAction SilentlyContinue",Orphaned Persistence Entry (Target Missing) (LOW)
70270a35,Task: TaskName,Scheduled Task,LOW,10,Task Scheduler: TaskName,Task To Run,Task,True,Run As User (Schedule Type),False,Unknown,,,,0.0,False,"Unregister-ScheduledTask -TaskName ""TaskName"" -Confirm:$false -ErrorAction SilentlyContinue",Orphaned Persistence Entry (Target Missing) (LOW)
4a4437eb,Task: TaskName,Scheduled Task,LOW,10,Task Scheduler: TaskName,Task To Run,Task,True,Run As User (Schedule Type),False,Unknown,,,,0.0,False,"Unregister-ScheduledTask -TaskName ""TaskName"" -Confirm:$false -ErrorAction SilentlyContinue",Orphaned Persistence Entry (Target Missing) (LOW)
d08b715d,Task: TaskName,Scheduled Task,LOW,10,Task Scheduler: TaskName,Task To Run,Task,True,Run As User (Schedule Type),False,Unknown,,,,0.0,False,"Unregister-ScheduledTask -TaskName ""TaskName"" -Confirm:$false -ErrorAction SilentlyContinue",Orphaned Persistence Entry (Target Missing) (LOW)
5fdaf16f,Task: TaskName,Scheduled Task,LOW,10,Task Scheduler: TaskName,Task To Run,Task,True,Run As User (Schedule Type),False,Unknown,,,,0.0,False,"Unregister-ScheduledTask -TaskName ""TaskName"" -Confirm:$false -ErrorAction SilentlyContinue",Orphaned Persistence Entry (Target Missing) (LOW)
4938429b,Task: TaskName,Scheduled Task,LOW,10,Task Scheduler: TaskName,Task To Run,Task,True,Run As User (Schedule Type),False,Unknown,,,,0.0,False,"Unregister-ScheduledTask -TaskName ""TaskName"" -Confirm:$false -ErrorAction SilentlyContinue",Orphaned Persistence Entry (Target Missing) (LOW)
6c4bf9ef,Task: TaskName,Scheduled Task,LOW,10,Task Scheduler: TaskName,Task To Run,Task,True,Run As User (Schedule Type),False,Unknown,,,,0.0,False,"Unregister-ScheduledTask -TaskName ""TaskName"" -Confirm:$false -ErrorAction SilentlyContinue",Orphaned Persistence Entry (Target Missing) (LOW)
eaddbfd0,Task: TaskName,Scheduled Task,LOW,10,Task Scheduler: TaskName,Task To Run,Task,True,Run As User (Schedule Type),False,Unknown,,,,0.0,False,"Unregister-ScheduledTask -TaskName ""TaskName"" -Confirm:$false -ErrorAction SilentlyContinue",Orphaned Persistence Entry (Target Missing) (LOW)
70e2eebb,Task: TaskName,Scheduled Task,LOW,10,Task Scheduler: TaskName,Task To Run,Task,True,Run As User (Schedule Type),False,Unknown,,,,0.0,False,"Unregister-ScheduledTask -TaskName ""TaskName"" -Confirm:$false -ErrorAction SilentlyContinue",Orphaned Persistence Entry (Target Missing) (LOW)
076eb152,Task: TaskName,Scheduled Task,LOW,10,Task Scheduler: TaskName,Task To Run,Task,True,Run As User (Schedule Type),False,Unknown,,,,0.0,False,"Unregister-ScheduledTask -TaskName ""TaskName"" -Confirm:$false -ErrorAction SilentlyContinue",Orphaned Persistence Entry (Target Missing) (LOW)
7d779825,Task: TaskName,Scheduled Task,LOW,10,Task Scheduler: TaskName,Task To Run,Task,True,Run As User (Schedule Type),False,Unknown,,,,0.0,False,"Unregister-ScheduledTask -TaskName ""TaskName"" -Confirm:$false -ErrorAction SilentlyContinue",Orphaned Persistence Entry (Target Missing) (LOW)
c7413c41,Task: TaskName,Scheduled Task,LOW,10,Task Scheduler: TaskName,Task To Run,Task,True,Run As User (Schedule Type),False,Unknown,,,,0.0,False,"Unregister-ScheduledTask -TaskName ""TaskName"" -Confirm:$false -ErrorAction SilentlyContinue",Orphaned Persistence Entry (Target Missing) (LOW)
b32ea986,Task: TaskName,Scheduled Task,LOW,10,Task Scheduler: TaskName,Task To Run,Task,True,Run As User (Schedule Type),False,Unknown,,,,0.0,False,"Unregister-ScheduledTask -TaskName ""TaskName"" -Confirm:$false -ErrorAction SilentlyContinue",Orphaned Persistence Entry (Target Missing) (LOW)
f8838033,Task: TaskName,Scheduled Task,LOW,10,Task Scheduler: TaskName,Task To Run,Task,True,Run As User (Schedule Type),False,Unknown,,,,0.0,False,"Unregister-ScheduledTask -TaskName ""TaskName"" -Confirm:$false -ErrorAction SilentlyContinue",Orphaned Persistence Entry (Target Missing) (LOW)
2d036513,Task: TaskName,Scheduled Task,LOW,10,Task Scheduler: TaskName,Task To Run,Task,True,Run As User (Schedule Type),False,Unknown,,,,0.0,False,"Unregister-ScheduledTask -TaskName ""TaskName"" -Confirm:$false -ErrorAction SilentlyContinue",Orphaned Persistence Entry (Target Missing) (LOW)
803251f5,Task: TaskName,Scheduled Task,LOW,10,Task Scheduler: TaskName,Task To Run,Task,True,Run As User (Schedule Type),False,Unknown,,,,0.0,False,"Unregister-ScheduledTask -TaskName ""TaskName"" -Confirm:$false -ErrorAction SilentlyContinue",Orphaned Persistence Entry (Target Missing) (LOW)
d78cc9aa,Task: TaskName,Scheduled Task,LOW,10,Task Scheduler: TaskName,Task To Run,Task,True,Run As User (Schedule Type),False,Unknown,,,,0.0,False,"Unregister-ScheduledTask -TaskName ""TaskName"" -Confirm:$false -ErrorAction SilentlyContinue",Orphaned Persistence Entry (Target Missing) (LOW)
3adc2099,Task: TaskName,Scheduled Task,LOW,10,Task Scheduler: TaskName,Task To Run,Task,True,Run As User (Schedule Type),False,Unknown,,,,0.0,False,"Unregister-ScheduledTask -TaskName ""TaskName"" -Confirm:$false -ErrorAction SilentlyContinue",Orphaned Persistence Entry (Target Missing) (LOW)
ae58b7a9,Task: TaskName,Scheduled Task,LOW,10,Task Scheduler: TaskName,Task To Run,Task,True,Run As User (Schedule Type),False,Unknown,,,,0.0,False,"Unregister-ScheduledTask -TaskName ""TaskName"" -Confirm:$false -ErrorAction SilentlyContinue",Orphaned Persistence Entry (Target Missing) (LOW)
c555c1a5,Task: TaskName,Scheduled Task,LOW,10,Task Scheduler: TaskName,Task To Run,Task,True,Run As User (Schedule Type),False,Unknown,,,,0.0,False,"Unregister-ScheduledTask -TaskName ""TaskName"" -Confirm:$false -ErrorAction SilentlyContinue",Orphaned Persistence Entry (Target Missing) (LOW)
03423956,Task: TaskName,Scheduled Task,LOW,10,Task Scheduler: TaskName,Task To Run,Task,True,Run As User (Schedule Type),False,Unknown,,,,0.0,False,"Unregister-ScheduledTask -TaskName ""TaskName"" -Confirm:$false -ErrorAction SilentlyContinue",Orphaned Persistence Entry (Target Missing) (LOW)
786a6f9c,Task: TaskName,Scheduled Task,LOW,10,Task Scheduler: TaskName,Task To Run,Task,True,Run As User (Schedule Type),False,Unknown,,,,0.0,False,"Unregister-ScheduledTask -TaskName ""TaskName"" -Confirm:$false -ErrorAction SilentlyContinue",Orphaned Persistence Entry (Target Missing) (LOW)
0b10db4d,Task: TaskName,Scheduled Task,LOW,10,Task Scheduler: TaskName,Task To Run,Task,True,Run As User (Schedule Type),False,Unknown,,,,0.0,False,"Unregister-ScheduledTask -TaskName ""TaskName"" -Confirm:$false -ErrorAction SilentlyContinue",Orphaned Persistence Entry (Target Missing) (LOW)
303a8192,Task: TaskName,Scheduled Task,LOW,10,Task Scheduler: TaskName,Task To Run,Task,True,Run As User (Schedule Type),False,Unknown,,,,0.0,False,"Unregister-ScheduledTask -TaskName ""TaskName"" -Confirm:$false -ErrorAction SilentlyContinue",Orphaned Persistence Entry (Target Missing) (LOW)
154492f7,Task: TaskName,Scheduled Task,LOW,10,Task Scheduler: TaskName,Task To Run,Task,True,Run As User (Schedule Type),False,Unknown,,,,0.0,False,"Unregister-ScheduledTask -TaskName ""TaskName"" -Confirm:$false -ErrorAction SilentlyContinue",Orphaned Persistence Entry (Target Missing) (LOW)
fd5fee31,Task: TaskName,Scheduled Task,LOW,10,Task Scheduler: TaskName,Task To Run,Task,True,Run As User (Schedule Type),False,Unknown,,,,0.0,False,"Unregister-ScheduledTask -TaskName ""TaskName"" -Confirm:$false -ErrorAction SilentlyContinue",Orphaned Persistence Entry (Target Missing) (LOW)
f68fdba3,Task: TaskName,Scheduled Task,LOW,10,Task Scheduler: TaskName,Task To Run,Task,True,Run As User (Schedule Type),False,Unknown,,,,0.0,False,"Unregister-ScheduledTask -TaskName ""TaskName"" -Confirm:$false -ErrorAction SilentlyContinue",Orphaned Persistence Entry (Target Missing) (LOW)
07826d23,Task: TaskName,Scheduled Task,LOW,10,Task Scheduler: TaskName,Task To Run,Task,True,Run As User (Schedule Type),False,Unknown,,,,0.0,False,"Unregister-ScheduledTask -TaskName ""TaskName"" -Confirm:$false -ErrorAction SilentlyContinue",Orphaned Persistence Entry (Target Missing) (LOW)
a34f8745,Task: TaskName,Scheduled Task,LOW,10,Task Scheduler: TaskName,Task To Run,Task,True,Run As User (Schedule Type),False,Unknown,,,,0.0,False,"Unregister-ScheduledTask -TaskName ""TaskName"" -Confirm:$false -ErrorAction SilentlyContinue",Orphaned Persistence Entry (Target Missing) (LOW)
09c6350a,Task: TaskName,Scheduled Task,LOW,10,Task Scheduler: TaskName,Task To Run,Task,True,Run As User (Schedule Type),False,Unknown,,,,0.0,False,"Unregister-ScheduledTask -TaskName ""TaskName"" -Confirm:$false -ErrorAction SilentlyContinue",Orphaned Persistence Entry (Target Missing) (LOW)
e49ccb1a,Task: TaskName,Scheduled Task,LOW,10,Task Scheduler: TaskName,Task To Run,Task,True,Run As User (Schedule Type),False,Unknown,,,,0.0,False,"Unregister-ScheduledTask -TaskName ""TaskName"" -Confirm:$false -ErrorAction SilentlyContinue",Orphaned Persistence Entry (Target Missing) (LOW)
1d9037ae,Task: TaskName,Scheduled Task,LOW,10,Task Scheduler: TaskName,Task To Run,Task,True,Run As User (Schedule Type),False,Unknown,,,,0.0,False,"Unregister-ScheduledTask -TaskName ""TaskName"" -Confirm:$false -ErrorAction SilentlyContinue",Orphaned Persistence Entry (Target Missing) (LOW)
72a31fbb,Task: TaskName,Scheduled Task,LOW,10,Task Scheduler: TaskName,Task To Run,Task,True,Run As User (Schedule Type),False,Unknown,,,,0.0,False,"Unregister-ScheduledTask -TaskName ""TaskName"" -Confirm:$false -ErrorAction SilentlyContinue",Orphaned Persistence Entry (Target Missing) (LOW)
08504d87,Task: TaskName,Scheduled Task,LOW,10,Task Scheduler: TaskName,Task To Run,Task,True,Run As User (Schedule Type),False,Unknown,,,,0.0,False,"Unregister-ScheduledTask -TaskName ""TaskName"" -Confirm:$false -ErrorAction SilentlyContinue",Orphaned Persistence Entry (Target Missing) (LOW)
a12a235a,Driver: AFD,System Driver,LOW,10,HKLM\SYSTEM\CurrentControlSet\Services\AFD,\SystemRoot\system32\drivers\afd.sys,\SystemRoot\system32\drivers\afd.sys,True,Kernel Space (System Driver),False,Unknown,,,,0.0,False,"Set-Service -Name ""AFD"" -StartupType Disabled -ErrorAction SilentlyContinue",Orphaned Persistence Entry (Target Missing) (LOW)
fd4a5c4d,Driver: afunix,System Driver,LOW,10,HKLM\SYSTEM\CurrentControlSet\Services\afunix,\SystemRoot\system32\drivers\afunix.sys,\SystemRoot\system32\drivers\afunix.sys,True,Kernel Space (System Driver),False,Unknown,,,,0.0,False,"Set-Service -Name ""afunix"" -StartupType Disabled -ErrorAction SilentlyContinue",Orphaned Persistence Entry (Target Missing) (LOW)
c82d4d13,Driver: BasicDisplay,System Driver,LOW,10,HKLM\SYSTEM\CurrentControlSet\Services\BasicDisplay,\SystemRoot\System32\DriverStore\FileRepository\basicdisplay.inf_amd64_02da009b3d736cc1\BasicDisplay.sys,\SystemRoot\System32\DriverStore\FileRepository\basicdisplay.inf_amd64_02da009b3d736cc1\BasicDisplay.sys,True,Kernel Space (System Driver),False,Unknown,,,,0.0,False,"Set-Service -Name ""BasicDisplay"" -StartupType Disabled -ErrorAction SilentlyContinue",Orphaned Persistence Entry (Target Missing) (LOW)
b4da22af,Driver: BasicRender,System Driver,LOW,10,HKLM\SYSTEM\CurrentControlSet\Services\BasicRender,\SystemRoot\System32\DriverStore\FileRepository\basicrender.inf_amd64_30c1aecc531b6e5e\BasicRender.sys,\SystemRoot\System32\DriverStore\FileRepository\basicrender.inf_amd64_30c1aecc531b6e5e\BasicRender.sys,True,Kernel Space (System Driver),False,Unknown,,,,0.0,False,"Set-Service -Name ""BasicRender"" -StartupType Disabled -ErrorAction SilentlyContinue",Orphaned Persistence Entry (Target Missing) (LOW)
01de209c,Driver: cdrom,System Driver,LOW,10,HKLM\SYSTEM\CurrentControlSet\Services\cdrom,\SystemRoot\System32\drivers\cdrom.sys,\SystemRoot\System32\drivers\cdrom.sys,True,Kernel Space (System Driver),False,Unknown,,,,0.0,False,"Set-Service -Name ""cdrom"" -StartupType Disabled -ErrorAction SilentlyContinue",Orphaned Persistence Entry (Target Missing) (LOW)
cacf6a41,Driver: DXGKrnl,System Driver,LOW,10,HKLM\SYSTEM\CurrentControlSet\Services\DXGKrnl,\SystemRoot\System32\drivers\dxgkrnl.sys,\SystemRoot\System32\drivers\dxgkrnl.sys,True,Kernel Space (System Driver),False,Unknown,,,,0.0,False,"Set-Service -Name ""DXGKrnl"" -StartupType Disabled -ErrorAction SilentlyContinue",Orphaned Persistence Entry (Target Missing) (LOW)
66c4f549,Driver: mssmbios,System Driver,LOW,10,HKLM\SYSTEM\CurrentControlSet\Services\mssmbios,\SystemRoot\System32\drivers\mssmbios.sys,\SystemRoot\System32\drivers\mssmbios.sys,True,Kernel Space (System Driver),False,Unknown,,,,0.0,False,"Set-Service -Name ""mssmbios"" -StartupType Disabled -ErrorAction SilentlyContinue",Orphaned Persistence Entry (Target Missing) (LOW)
582fa46c,Driver: npsvctrig,System Driver,LOW,10,HKLM\SYSTEM\CurrentControlSet\Services\npsvctrig,\SystemRoot\System32\drivers\npsvctrig.sys,\SystemRoot\System32\drivers\npsvctrig.sys,True,Kernel Space (System Driver),False,Unknown,,,,0.0,False,"Set-Service -Name ""npsvctrig"" -StartupType Disabled -ErrorAction SilentlyContinue",Orphaned Persistence Entry (Target Missing) (LOW)
d37bb0a4,Driver: tdx,System Driver,LOW,10,HKLM\SYSTEM\CurrentControlSet\Services\tdx,\SystemRoot\system32\DRIVERS\tdx.sys,\SystemRoot\system32\DRIVERS\tdx.sys,True,Kernel Space (System Driver),False,Unknown,,,,0.0,False,"Set-Service -Name ""tdx"" -StartupType Disabled -ErrorAction SilentlyContinue",Orphaned Persistence Entry (Target Missing) (LOW)
5c71dde5,Driver: Vid,System Driver,LOW,10,HKLM\SYSTEM\CurrentControlSet\Services\Vid,\SystemRoot\System32\drivers\Vid.sys,\SystemRoot\System32\drivers\Vid.sys,True,Kernel Space (System Driver),False,Unknown,,,,0.0,False,"Set-Service -Name ""Vid"" -StartupType Disabled -ErrorAction SilentlyContinue",Orphaned Persistence Entry (Target Missing) (LOW)
7f244a8f,SecurityHealth,Registry Run,MEDIUM,0,HKLM\SOFTWARE\Microsoft\Windows\CurrentVersion\Run,%windir%\system32\SecurityHealthSystray.exe,C:\WINDOWS\system32\SecurityHealthSystray.exe,False,HKLM,True,Valid,Microsoft Windows,0a8804cb309ebc3cdd2e3787fbf3c129a20e387873ff13eea18ad95e5153e5f4,50253e1e0cd17879597c966e7289ebc5,5.2376,False,"Remove-ItemProperty -Path ""HKLM:\SOFTWARE\Microsoft\Windows\CurrentVersion\Run"" -Name ""SecurityHealth"" -ErrorAction SilentlyContinue",Suspicious Injection / Memory APIs (MEDIUM)
4e91ebfd,RtkAudUService,Registry Run,MEDIUM,0,HKLM\SOFTWARE\Microsoft\Windows\CurrentVersion\Run,"""C:\WINDOWS\System32\DriverStore\FileRepository\realtekservice.inf_amd64_d4e2f40b8460b254\RtkAudUService64.exe"" -background",C:\WINDOWS\System32\DriverStore\FileRepository\realtekservice.inf_amd64_d4e2f40b8460b254\RtkAudUService64.exe,False,HKLM,True,Valid,Microsoft Windows,c546b224a6281614ccd0d9bc66d6a2802b3c43fa5385727f1e5f51f3bd1760bb,ff43d7fef5d8cacd389b017eaa223382,6.3825,False,"Remove-ItemProperty -Path ""HKLM:\SOFTWARE\Microsoft\Windows\CurrentVersion\Run"" -Name ""RtkAudUService"" -ErrorAction SilentlyContinue",Suspicious Injection / Memory APIs (MEDIUM)
b7f4f5b0,WavesSvc,Registry Run,MEDIUM,0,HKLM\SOFTWARE\Microsoft\Windows\CurrentVersion\Run,"""C:\WINDOWS\System32\DriverStore\FileRepository\wavesapo11de.inf_amd64_e15679d83424f9c1\WavesSvc64.exe"" -Jack",C:\WINDOWS\System32\DriverStore\FileRepository\wavesapo11de.inf_amd64_e15679d83424f9c1\WavesSvc64.exe,True,HKLM,True,Valid,Microsoft Windows,73bc23c69aaffad604f9126d8c106ecea7612899a92b9196be8324aa56d3d377,d712e81645907b76878ec7061eba7257,6.1736,False,"Remove-ItemProperty -Path ""HKLM:\SOFTWARE\Microsoft\Windows\CurrentVersion\Run"" -Name ""WavesSvc"" -ErrorAction SilentlyContinue",Suspicious Injection / Memory APIs (MEDIUM)
0a92df7d,OneDrive,Registry Run,MEDIUM,0,HKCU\SOFTWARE\Microsoft\Windows\CurrentVersion\Run,"""C:\Program Files\Microsoft OneDrive\OneDrive.exe"" /background",C:\Program Files\Microsoft OneDrive\OneDrive.exe,True,HKCU,True,Valid,"CN=Microsoft Corporation, O=Microsoft Corporation, L=Redmond, S=Washington, C=US",12af128465c744b7b782607647a93d9fada46d61ffe4035b40bb64996c1fb798,1952ab5436fa65287f8cf469daf5a335,6.4318,False,"Remove-ItemProperty -Path ""HKCU:\SOFTWARE\Microsoft\Windows\CurrentVersion\Run"" -Name ""OneDrive"" -ErrorAction SilentlyContinue",Suspicious Injection / Memory APIs (MEDIUM)
8d277629,MicrosoftEdgeAutoLaunch_15F94ABC2033F5063D14AE8D3275574D,Registry Run,MEDIUM,0,HKCU\SOFTWARE\Microsoft\Windows\CurrentVersion\Run,"""C:\Program Files (x86)\Microsoft\Edge\Application\msedge.exe"" --win-session-start",C:\Program Files (x86)\Microsoft\Edge\Application\msedge.exe,True,HKCU,True,Valid,"CN=Microsoft Corporation, O=Microsoft Corporation, L=Redmond, S=Washington, C=US",64670d599edc778d7a2a7db70a98791799fe027a9858eff7eeb28d31975dba3c,c1980cdf20e3da190b3bc8f21c0b9a6a,6.7163,False,"Remove-ItemProperty -Path ""HKCU:\SOFTWARE\Microsoft\Windows\CurrentVersion\Run"" -Name ""MicrosoftEdgeAutoLaunch_15F94ABC2033F5063D14AE8D3275574D"" -ErrorAction SilentlyContinue",Suspicious Injection / Memory APIs (MEDIUM)
c16123db,MicrosoftEdgeAutoLaunch_B3D166B3BF2E8CF3AA75B2527D9E7D9E,Registry Run,MEDIUM,0,HKCU\SOFTWARE\Microsoft\Windows\CurrentVersion\Run,"""C:\Program Files (x86)\Microsoft\Edge\Application\msedge.exe"" --win-session-start",C:\Program Files (x86)\Microsoft\Edge\Application\msedge.exe,True,HKCU,True,Valid,"CN=Microsoft Corporation, O=Microsoft Corporation, L=Redmond, S=Washington, C=US",64670d599edc778d7a2a7db70a98791799fe027a9858eff7eeb28d31975dba3c,c1980cdf20e3da190b3bc8f21c0b9a6a,6.7163,False,"Remove-ItemProperty -Path ""HKCU:\SOFTWARE\Microsoft\Windows\CurrentVersion\Run"" -Name ""MicrosoftEdgeAutoLaunch_B3D166B3BF2E8CF3AA75B2527D9E7D9E"" -ErrorAction SilentlyContinue",Suspicious Injection / Memory APIs (MEDIUM)
fe7ba79d,MicrosoftEdgeAutoLaunch_FBDA32C0FBF059A8C5446151FAF986E5,Registry Run,MEDIUM,0,HKCU\SOFTWARE\Microsoft\Windows\CurrentVersion\Run,"""C:\Program Files (x86)\Microsoft\Edge\Application\msedge.exe"" --win-session-start",C:\Program Files (x86)\Microsoft\Edge\Application\msedge.exe,True,HKCU,True,Valid,"CN=Microsoft Corporation, O=Microsoft Corporation, L=Redmond, S=Washington, C=US",64670d599edc778d7a2a7db70a98791799fe027a9858eff7eeb28d31975dba3c,c1980cdf20e3da190b3bc8f21c0b9a6a,6.7163,False,"Remove-ItemProperty -Path ""HKCU:\SOFTWARE\Microsoft\Windows\CurrentVersion\Run"" -Name ""MicrosoftEdgeAutoLaunch_FBDA32C0FBF059A8C5446151FAF986E5"" -ErrorAction SilentlyContinue",Suspicious Injection / Memory APIs (MEDIUM)
f977e90f,MicrosoftEdgeAutoLaunch_258D32093BA410F2EA1358DF112194FD,Registry Run,MEDIUM,0,HKCU\SOFTWARE\Microsoft\Windows\CurrentVersion\Run,"""C:\Program Files (x86)\Microsoft\Edge\Application\msedge.exe"" --win-session-start",C:\Program Files (x86)\Microsoft\Edge\Application\msedge.exe,True,HKCU,True,Valid,"CN=Microsoft Corporation, O=Microsoft Corporation, L=Redmond, S=Washington, C=US",64670d599edc778d7a2a7db70a98791799fe027a9858eff7eeb28d31975dba3c,c1980cdf20e3da190b3bc8f21c0b9a6a,6.7163,False,"Remove-ItemProperty -Path ""HKCU:\SOFTWARE\Microsoft\Windows\CurrentVersion\Run"" -Name ""MicrosoftEdgeAutoLaunch_258D32093BA410F2EA1358DF112194FD"" -ErrorAction SilentlyContinue",Suspicious Injection / Memory APIs (MEDIUM)
b6032532,MicrosoftEdgeAutoLaunch_9E479C5285CB717266F02023177086E0,Registry Run,MEDIUM,0,HKCU\SOFTWARE\Microsoft\Windows\CurrentVersion\Run,"""C:\Program Files (x86)\Microsoft\Edge\Application\msedge.exe"" --win-session-start",C:\Program Files (x86)\Microsoft\Edge\Application\msedge.exe,True,HKCU,True,Valid,"CN=Microsoft Corporation, O=Microsoft Corporation, L=Redmond, S=Washington, C=US",64670d599edc778d7a2a7db70a98791799fe027a9858eff7eeb28d31975dba3c,c1980cdf20e3da190b3bc8f21c0b9a6a,6.7163,False,"Remove-ItemProperty -Path ""HKCU:\SOFTWARE\Microsoft\Windows\CurrentVersion\Run"" -Name ""MicrosoftEdgeAutoLaunch_9E479C5285CB717266F02023177086E0"" -ErrorAction SilentlyContinue",Suspicious Injection / Memory APIs (MEDIUM)
912b2445,MicrosoftEdgeAutoLaunch_76D6A9806CC128EB03B6D7DF86BA7FCD,Registry Run,MEDIUM,0,HKCU\SOFTWARE\Microsoft\Windows\CurrentVersion\Run,"""C:\Program Files (x86)\Microsoft\Edge\Application\msedge.exe"" --win-session-start",C:\Program Files (x86)\Microsoft\Edge\Application\msedge.exe,True,HKCU,True,Valid,"CN=Microsoft Corporation, O=Microsoft Corporation, L=Redmond, S=Washington, C=US",64670d599edc778d7a2a7db70a98791799fe027a9858eff7eeb28d31975dba3c,c1980cdf20e3da190b3bc8f21c0b9a6a,6.7163,False,"Remove-ItemProperty -Path ""HKCU:\SOFTWARE\Microsoft\Windows\CurrentVersion\Run"" -Name ""MicrosoftEdgeAutoLaunch_76D6A9806CC128EB03B6D7DF86BA7FCD"" -ErrorAction SilentlyContinue",Suspicious Injection / Memory APIs (MEDIUM)
d3663261,MicrosoftEdgeAutoLaunch_7062889CB56190CEA6A00E3EB2FA58DA,Registry Run,MEDIUM,0,HKCU\SOFTWARE\Microsoft\Windows\CurrentVersion\Run,"""C:\Program Files (x86)\Microsoft\Edge\Application\msedge.exe"" --win-session-start",C:\Program Files (x86)\Microsoft\Edge\Application\msedge.exe,True,HKCU,True,Valid,"CN=Microsoft Corporation, O=Microsoft Corporation, L=Redmond, S=Washington, C=US",64670d599edc778d7a2a7db70a98791799fe027a9858eff7eeb28d31975dba3c,c1980cdf20e3da190b3bc8f21c0b9a6a,6.7163,False,"Remove-ItemProperty -Path ""HKCU:\SOFTWARE\Microsoft\Windows\CurrentVersion\Run"" -Name ""MicrosoftEdgeAutoLaunch_7062889CB56190CEA6A00E3EB2FA58DA"" -ErrorAction SilentlyContinue",Suspicious Injection / Memory APIs (MEDIUM)
07363687,MicrosoftEdgeAutoLaunch_D78B907D3D852B3F7F55C8A2B13E0700,Registry Run,MEDIUM,0,HKCU\SOFTWARE\Microsoft\Windows\CurrentVersion\Run,"""C:\Program Files (x86)\Microsoft\Edge\Application\msedge.exe"" --win-session-start",C:\Program Files (x86)\Microsoft\Edge\Application\msedge.exe,True,HKCU,True,Valid,"CN=Microsoft Corporation, O=Microsoft Corporation, L=Redmond, S=Washington, C=US",64670d599edc778d7a2a7db70a98791799fe027a9858eff7eeb28d31975dba3c,c1980cdf20e3da190b3bc8f21c0b9a6a,6.7163,False,"Remove-ItemProperty -Path ""HKCU:\SOFTWARE\Microsoft\Windows\CurrentVersion\Run"" -Name ""MicrosoftEdgeAutoLaunch_D78B907D3D852B3F7F55C8A2B13E0700"" -ErrorAction SilentlyContinue",Suspicious Injection / Memory APIs (MEDIUM)
72f6a023,MicrosoftEdgeAutoLaunch_8E15B856023A47B48CAD0DE10426C02E,Registry Run,MEDIUM,0,HKCU\SOFTWARE\Microsoft\Windows\CurrentVersion\Run,"""C:\Program Files (x86)\Microsoft\Edge\Application\msedge.exe"" --win-session-start",C:\Program Files (x86)\Microsoft\Edge\Application\msedge.exe,True,HKCU,True,Valid,"CN=Microsoft Corporation, O=Microsoft Corporation, L=Redmond, S=Washington, C=US",64670d599edc778d7a2a7db70a98791799fe027a9858eff7eeb28d31975dba3c,c1980cdf20e3da190b3bc8f21c0b9a6a,6.7163,False,"Remove-ItemProperty -Path ""HKCU:\SOFTWARE\Microsoft\Windows\CurrentVersion\Run"" -Name ""MicrosoftEdgeAutoLaunch_8E15B856023A47B48CAD0DE10426C02E"" -ErrorAction SilentlyContinue",Suspicious Injection / Memory APIs (MEDIUM)
b4086f63,MicrosoftEdgeAutoLaunch_EBECE8AFE3C88C0B19397FB25AE2BD80,Registry Run,MEDIUM,0,HKCU\SOFTWARE\Microsoft\Windows\CurrentVersion\Run,"""C:\Program Files (x86)\Microsoft\Edge\Application\msedge.exe"" --win-session-start",C:\Program Files (x86)\Microsoft\Edge\Application\msedge.exe,True,HKCU,True,Valid,"CN=Microsoft Corporation, O=Microsoft Corporation, L=Redmond, S=Washington, C=US",64670d599edc778d7a2a7db70a98791799fe027a9858eff7eeb28d31975dba3c,c1980cdf20e3da190b3bc8f21c0b9a6a,6.7163,False,"Remove-ItemProperty -Path ""HKCU:\SOFTWARE\Microsoft\Windows\CurrentVersion\Run"" -Name ""MicrosoftEdgeAutoLaunch_EBECE8AFE3C88C0B19397FB25AE2BD80"" -ErrorAction SilentlyContinue",Suspicious Injection / Memory APIs (MEDIUM)
6186d514,MicrosoftEdgeAutoLaunch_2D57DF14126DD587A8EEF2A21C3792FA,Registry Run,MEDIUM,0,HKCU\SOFTWARE\Microsoft\Windows\CurrentVersion\Run,"""C:\Program Files (x86)\Microsoft\Edge\Application\msedge.exe"" --win-session-start",C:\Program Files (x86)\Microsoft\Edge\Application\msedge.exe,True,HKCU,True,Valid,"CN=Microsoft Corporation, O=Microsoft Corporation, L=Redmond, S=Washington, C=US",64670d599edc778d7a2a7db70a98791799fe027a9858eff7eeb28d31975dba3c,c1980cdf20e3da190b3bc8f21c0b9a6a,6.7163,False,"Remove-ItemProperty -Path ""HKCU:\SOFTWARE\Microsoft\Windows\CurrentVersion\Run"" -Name ""MicrosoftEdgeAutoLaunch_2D57DF14126DD587A8EEF2A21C3792FA"" -ErrorAction SilentlyContinue",Suspicious Injection / Memory APIs (MEDIUM)
e3eb9e04,Winlogon VMApplet,Winlogon Persistence,MEDIUM,0,HKLM\SOFTWARE\Microsoft\Windows NT\CurrentVersion\Winlogon\VMApplet,SystemPropertiesPerformance.exe /pagefile,C:\WINDOWS\System32\SystemPropertiesPerformance.exe,True,HKLM,True,Valid,Microsoft Windows,cbab585e48746b4e40b876475bab062ee78ba45baba8c40d152f5316b60add11,14465ee40efd221ff7e8b811ce905111,6.1743,False,"Set-ItemProperty -Path ""HKLM:\SOFTWARE\Microsoft\Windows NT\CurrentVersion\Winlogon"" -Name ""VMApplet"" -Value ""C:\Windows\System32\userinit.exe,""",Timestomping Timestamp Anomaly (MEDIUM)
d7eb5506,Active Setup: Google Platform Experience Helper,Active Setup,MEDIUM,0,HKLM\SOFTWARE\Microsoft\Active Setup\Installed Components\{49210152-871f-4ffa-961d-a172abcbc09d}\StubPath,"""C:\Program Files\Google\Chrome\Application\PlatformExperienceHelper\platform_experience_helper.exe"" --first-run",C:\Program Files\Google\Chrome\Application\PlatformExperienceHelper\platform_experience_helper.exe,True,HKLM,True,Valid,"CN=Google LLC, O=Google LLC, L=Mountain View, S=California, C=US, SERIALNUMBER=3582691, OID.2.5.4.15=Private Organization, OID.1.3.6.1.4.1.311.60.2.1.2=Delaware, OID.1.3.6.1.4.1.311.60.2.1.3=US",4fc509e392d0093d4ab7450d5ea0d6f883e0beafce4c9f95f33f1979d36524c0,180f8cc24b39a1642b866d7b364df337,6.6332,False,"Remove-ItemProperty -Path ""HKLM:\SOFTWARE\Microsoft\Active Setup\Installed Components\{49210152-871f-4ffa-961d-a172abcbc09d}"" -Name ""StubPath"" -ErrorAction SilentlyContinue",Suspicious Injection / Memory APIs (MEDIUM)
b32ce14d,Active Setup: Google Chrome,Active Setup,MEDIUM,0,HKLM\SOFTWARE\Microsoft\Active Setup\Installed Components\{8A69D345-D564-463c-AFF1-A69D9E530F96}\StubPath,"""C:\Program Files\Google\Chrome\Application\154.0.8037.93\Installer\chrmstp.exe"" --configure-user-settings --verbose-logging --system-level --channel=stable",C:\Program Files\Google\Chrome\Application\154.0.8037.93\Installer\chrmstp.exe,True,HKLM,True,Valid,"CN=Google LLC, O=Google LLC, L=Mountain View, S=California, C=US, SERIALNUMBER=3582691, OID.2.5.4.15=Private Organization, OID.1.3.6.1.4.1.311.60.2.1.2=Delaware, OID.1.3.6.1.4.1.311.60.2.1.3=US",67ee9b8534021b7995a567e36c8d1bd1681ffb362107bc09936d3707021eb233,492dd2d13d90b913a0b4d1cdfd921e06,5.2693,False,"Remove-ItemProperty -Path ""HKLM:\SOFTWARE\Microsoft\Active Setup\Installed Components\{8A69D345-D564-463c-AFF1-A69D9E530F96}"" -Name ""StubPath"" -ErrorAction SilentlyContinue",Suspicious Injection / Memory APIs (MEDIUM)
5a8275d8,Active Setup: Microsoft Edge,Active Setup,MEDIUM,0,HKLM\SOFTWARE\Microsoft\Active Setup\Installed Components\{9459C573-B17A-45AE-9F64-1857B5D58CEE}\StubPath,"""C:\Program Files (x86)\Microsoft\Edge\Application\154.0.4258.53\Installer\setup.exe"" --configure-user-settings --verbose-logging --system-level --msedge --channel=stable",C:\Program Files (x86)\Microsoft\Edge\Application\154.0.4258.53\Installer\setup.exe,True,HKLM,True,Valid,"CN=Microsoft Corporation, O=Microsoft Corporation, L=Redmond, S=Washington, C=US",c8152486d7393d9a036fdad7996455ef1002006f101d99ad4775e4e97d87f820,5d3ded3dfb592d97e6e1a6f9ad636fed,6.4022,False,"Remove-ItemProperty -Path ""HKLM:\SOFTWARE\Microsoft\Active Setup\Installed Components\{9459C573-B17A-45AE-9F64-1857B5D58CEE}"" -Name ""StubPath"" -ErrorAction SilentlyContinue",Suspicious Injection / Memory APIs (MEDIUM)
9d83a3db,Shortcut: Send to OneNote.lnk,Startup Folder (LNK/Binary),MEDIUM,0,User Startup Folder (C:\Users\utkar\AppData\Roaming\Microsoft\Windows\Start Menu\Programs\Startup\Send to OneNote.lnk),"""C:\Program Files\Microsoft Office\root\Office16\ONENOTEM.EXE"" /tsr",C:\Program Files\Microsoft Office\root\Office16\ONENOTEM.EXE,True,HKCU,True,Valid,"CN=Microsoft Corporation, O=Microsoft Corporation, L=Redmond, S=Washington, C=US",3bd2e0a9ba545854c2c9fadb20fc7832e8729d654bca7375a66304dbdd891822,ef41a6735b13bd0e866613c2493cb56d,5.5537,False,"Remove-Item -Path ""C:\Users\utkar\AppData\Roaming\Microsoft\Windows\Start Menu\Programs\Startup\Send to OneNote.lnk"" -Force -ErrorAction SilentlyContinue",Suspicious Injection / Memory APIs (MEDIUM)
b4bea777,Task: PlatformExperiencesHelper_Daily,Scheduled Task,MEDIUM,0,Task Scheduler: \PlatformExperiencesHelper_Daily,C:\Program Files (x86)\Microsoft\Edge\Application\PlatformExperiencesHelper\platform_experiences_helper.exe ,C:\Program Files (x86)\Microsoft\Edge\Application\PlatformExperiencesHelper\platform_experiences_helper.exe,True,utkar (Daily ),True,Valid,"CN=Microsoft Corporation, O=Microsoft Corporation, L=Redmond, S=Washington, C=US",a75e659a0ef813a8bbdf4022f703fae4530cdd256e3a8fc70eed4596fde8db60,f606d2daefcd6a99a1a9e44e5977c713,6.6003,False,"Unregister-ScheduledTask -TaskName ""\PlatformExperiencesHelper_Daily"" -Confirm:$false -ErrorAction SilentlyContinue",Suspicious Injection / Memory APIs (MEDIUM)
094186c1,Task: PlatformExperiencesHelper_Metrics,Scheduled Task,MEDIUM,0,Task Scheduler: \PlatformExperiencesHelper_Metrics,C:\Program Files (x86)\Microsoft\Edge\Application\PlatformExperiencesHelper\platform_experiences_helper.exe --edge-upload-metrics,C:\Program Files (x86)\Microsoft\Edge\Application\PlatformExperiencesHelper\platform_experiences_helper.exe,True,utkar (Daily ),True,Valid,"CN=Microsoft Corporation, O=Microsoft Corporation, L=Redmond, S=Washington, C=US",a75e659a0ef813a8bbdf4022f703fae4530cdd256e3a8fc70eed4596fde8db60,f606d2daefcd6a99a1a9e44e5977c713,6.6003,False,"Unregister-ScheduledTask -TaskName ""\PlatformExperiencesHelper_Metrics"" -Confirm:$false -ErrorAction SilentlyContinue",Suspicious Injection / Memory APIs (MEDIUM)
dc03fd0f,Task: PlatformExperiencesHelper_OnUnlock,Scheduled Task,MEDIUM,0,Task Scheduler: \PlatformExperiencesHelper_OnUnlock,C:\Program Files (x86)\Microsoft\Edge\Application\PlatformExperiencesHelper\platform_experiences_helper.exe ,C:\Program Files (x86)\Microsoft\Edge\Application\PlatformExperiencesHelper\platform_experiences_helper.exe,True,utkar (When an event occurs),True,Valid,"CN=Microsoft Corporation, O=Microsoft Corporation, L=Redmond, S=Washington, C=US",a75e659a0ef813a8bbdf4022f703fae4530cdd256e3a8fc70eed4596fde8db60,f606d2daefcd6a99a1a9e44e5977c713,6.6003,False,"Unregister-ScheduledTask -TaskName ""\PlatformExperiencesHelper_OnUnlock"" -Confirm:$false -ErrorAction SilentlyContinue",Suspicious Injection / Memory APIs (MEDIUM)
886952a0,Task: SmartByte Telemetry,Scheduled Task,CLEAN,0,Task Scheduler: \SmartByte Telemetry,"C:\Program Files\Rivet Networks\SmartByte\SmartByteTelemetry.exe"" """,C:\Program Files\Rivet Networks\SmartByte\SmartByteTelemetry.exe,True,Users (At logon time),False,NotSigned,,c6ab10e58f0e0377dabede92f7e8ed857d8562bfc8fb034eea247b4d16f1e60b,ec78999cb7089675f5c739aa4d8f8436,5.7218,False,"Unregister-ScheduledTask -TaskName ""\SmartByte Telemetry"" -Confirm:$false -ErrorAction SilentlyContinue",
3b8bcbb7,Task: RunPlatformExperienceHelperOnUnlock,Scheduled Task,MEDIUM,0,Task Scheduler: \GoogleUserPEH\RunPlatformExperienceHelperOnUnlock,"C:\Program Files\Google\Chrome\Application\PlatformExperienceHelper\platform_experience_helper.exe"" """,C:\Program Files\Google\Chrome\Application\PlatformExperienceHelper\platform_experience_helper.exe,True,utkar (When an event occurs),True,Valid,"CN=Google LLC, O=Google LLC, L=Mountain View, S=California, C=US, SERIALNUMBER=3582691, OID.2.5.4.15=Private Organization, OID.1.3.6.1.4.1.311.60.2.1.2=Delaware, OID.1.3.6.1.4.1.311.60.2.1.3=US",4fc509e392d0093d4ab7450d5ea0d6f883e0beafce4c9f95f33f1979d36524c0,180f8cc24b39a1642b866d7b364df337,6.6332,False,"Unregister-ScheduledTask -TaskName ""\GoogleUserPEH\RunPlatformExperienceHelperOnUnlock"" -Confirm:$false -ErrorAction SilentlyContinue",Suspicious Injection / Memory APIs (MEDIUM)
5238097f,Task: RunPlatformExperienceHelper_Daily,Scheduled Task,MEDIUM,0,Task Scheduler: \GoogleUserPEH\RunPlatformExperienceHelper_Daily,"C:\Program Files\Google\Chrome\Application\PlatformExperienceHelper\platform_experience_helper.exe"" """,C:\Program Files\Google\Chrome\Application\PlatformExperienceHelper\platform_experience_helper.exe,True,utkar (Daily ),True,Valid,"CN=Google LLC, O=Google LLC, L=Mountain View, S=California, C=US, SERIALNUMBER=3582691, OID.2.5.4.15=Private Organization, OID.1.3.6.1.4.1.311.60.2.1.2=Delaware, OID.1.3.6.1.4.1.311.60.2.1.3=US",4fc509e392d0093d4ab7450d5ea0d6f883e0beafce4c9f95f33f1979d36524c0,180f8cc24b39a1642b866d7b364df337,6.6332,False,"Unregister-ScheduledTask -TaskName ""\GoogleUserPEH\RunPlatformExperienceHelper_Daily"" -Confirm:$false -ErrorAction SilentlyContinue",Suspicious Injection / Memory APIs (MEDIUM)
31cd84a3,Task: RunPlatformExperienceHelper_Metrics,Scheduled Task,MEDIUM,0,Task Scheduler: \GoogleUserPEH\RunPlatformExperienceHelper_Metrics,"C:\Program Files\Google\Chrome\Application\PlatformExperienceHelper\platform_experience_helper.exe"" --chrome-upload-metrics""",C:\Program Files\Google\Chrome\Application\PlatformExperienceHelper\platform_experience_helper.exe,True,utkar (One Time Only),True,Valid,"CN=Google LLC, O=Google LLC, L=Mountain View, S=California, C=US, SERIALNUMBER=3582691, OID.2.5.4.15=Private Organization, OID.1.3.6.1.4.1.311.60.2.1.2=Delaware, OID.1.3.6.1.4.1.311.60.2.1.3=US",4fc509e392d0093d4ab7450d5ea0d6f883e0beafce4c9f95f33f1979d36524c0,180f8cc24b39a1642b866d7b364df337,6.6332,False,"Unregister-ScheduledTask -TaskName ""\GoogleUserPEH\RunPlatformExperienceHelper_Metrics"" -Confirm:$false -ErrorAction SilentlyContinue",Suspicious Injection / Memory APIs (MEDIUM)
33d0a562,Task: Office Actions Server,Scheduled Task,MEDIUM,0,Task Scheduler: \Microsoft\Office\Office Actions Server,C:\Program Files\Microsoft Office\root\VFS\ProgramFilesCommonX64\Microsoft Shared\Office16\ActionsServer\ActionsServer.exe availabilitycheck,C:\Program Files\Microsoft Office\root\VFS\ProgramFilesCommonX64\Microsoft Shared\Office16\ActionsServer\ActionsServer.exe,True,Users (At logon time),True,Valid,"CN=Microsoft Corporation, O=Microsoft Corporation, L=Redmond, S=Washington, C=US",9d122d0dc553a09e5b35cd064a826355ddf7c4d6edc5aa12cb4406c965d4efb0,f8f4194da29bd21651eaa8ebbe3888a8,6.4523,False,"Unregister-ScheduledTask -TaskName ""\Microsoft\Office\Office Actions Server"" -Confirm:$false -ErrorAction SilentlyContinue",Suspicious Injection / Memory APIs (MEDIUM)
eb13cad3,Task: Office Actions Server,Scheduled Task,MEDIUM,0,Task Scheduler: \Microsoft\Office\Office Actions Server,C:\Program Files\Microsoft Office\root\VFS\ProgramFilesCommonX64\Microsoft Shared\Office16\ActionsServer\ActionsServer.exe availabilitycheck,C:\Program Files\Microsoft Office\root\VFS\ProgramFilesCommonX64\Microsoft Shared\Office16\ActionsServer\ActionsServer.exe,True,"Users (One Time Only, Hourly )",True,Valid,"CN=Microsoft Corporation, O=Microsoft Corporation, L=Redmond, S=Washington, C=US",9d122d0dc553a09e5b35cd064a826355ddf7c4d6edc5aa12cb4406c965d4efb0,f8f4194da29bd21651eaa8ebbe3888a8,6.4523,False,"Unregister-ScheduledTask -TaskName ""\Microsoft\Office\Office Actions Server"" -Confirm:$false -ErrorAction SilentlyContinue",Suspicious Injection / Memory APIs (MEDIUM)
1a053fe6,Task: Office Automatic Updates 2.0,Scheduled Task,MEDIUM,0,Task Scheduler: \Microsoft\Office\Office Automatic Updates 2.0,C:\Program Files\Common Files\Microsoft Shared\ClickToRun\OfficeC2RClient.exe /frequentupdate SCHEDULEDTASK displaylevel=False,C:\Program Files\Common Files\Microsoft Shared\ClickToRun\OfficeC2RClient.exe,True,SYSTEM (Weekly),True,Valid,"CN=Microsoft Corporation, O=Microsoft Corporation, L=Redmond, S=Washington, C=US",b2451e1862664a1789932ca088bffc5504d83debb4d729a4c21267180a7454d5,9dc508cb72a8c59b6ed8c51be1e7bb07,6.2466,False,"Unregister-ScheduledTask -TaskName ""\Microsoft\Office\Office Automatic Updates 2.0"" -Confirm:$false -ErrorAction SilentlyContinue",Suspicious Injection / Memory APIs (MEDIUM)
02bc649a,Task: Office Automatic Updates 2.0,Scheduled Task,MEDIUM,0,Task Scheduler: \Microsoft\Office\Office Automatic Updates 2.0,C:\Program Files\Common Files\Microsoft Shared\ClickToRun\OfficeC2RClient.exe /frequentupdate SCHEDULEDTASK displaylevel=False,C:\Program Files\Common Files\Microsoft Shared\ClickToRun\OfficeC2RClient.exe,True,SYSTEM (At logon time),True,Valid,"CN=Microsoft Corporation, O=Microsoft Corporation, L=Redmond, S=Washington, C=US",b2451e1862664a1789932ca088bffc5504d83debb4d729a4c21267180a7454d5,9dc508cb72a8c59b6ed8c51be1e7bb07,6.2466,False,"Unregister-ScheduledTask -TaskName ""\Microsoft\Office\Office Automatic Updates 2.0"" -Confirm:$false -ErrorAction SilentlyContinue",Suspicious Injection / Memory APIs (MEDIUM)
3dfa86fb,Task: Office Automatic Updates 2.0,Scheduled Task,MEDIUM,0,Task Scheduler: \Microsoft\Office\Office Automatic Updates 2.0,C:\Program Files\Common Files\Microsoft Shared\ClickToRun\OfficeC2RClient.exe /frequentupdate SCHEDULEDTASK displaylevel=False,C:\Program Files\Common Files\Microsoft Shared\ClickToRun\OfficeC2RClient.exe,True,SYSTEM (At idle time),True,Valid,"CN=Microsoft Corporation, O=Microsoft Corporation, L=Redmond, S=Washington, C=US",b2451e1862664a1789932ca088bffc5504d83debb4d729a4c21267180a7454d5,9dc508cb72a8c59b6ed8c51be1e7bb07,6.2466,False,"Unregister-ScheduledTask -TaskName ""\Microsoft\Office\Office Automatic Updates 2.0"" -Confirm:$false -ErrorAction SilentlyContinue",Suspicious Injection / Memory APIs (MEDIUM)
d25622eb,Task: Office Background Push Maintenance,Scheduled Task,MEDIUM,0,Task Scheduler: \Microsoft\Office\Office Background Push Maintenance,C:\Program Files\Microsoft Office\root\vfs\ProgramFilesCommonx64\Microsoft Shared\Office16\opushutil.exe /pushregistration,C:\Program Files\Microsoft Office\root\vfs\ProgramFilesCommonx64\Microsoft Shared\Office16\opushutil.exe,True,INTERACTIVE (Daily ),True,Valid,"CN=Microsoft Corporation, O=Microsoft Corporation, L=Redmond, S=Washington, C=US",54d18281b7454d266fa7820afac9bb4359a74c72eab09c0fb68284ff01e47464,278e64ec8b6bc7376496816f6cb8d8c9,6.4339,False,"Unregister-ScheduledTask -TaskName ""\Microsoft\Office\Office Background Push Maintenance"" -Confirm:$false -ErrorAction SilentlyContinue",Suspicious Injection / Memory APIs (MEDIUM)
11c273a8,Task: Office Background Push Maintenance,Scheduled Task,MEDIUM,0,Task Scheduler: \Microsoft\Office\Office Background Push Maintenance,C:\Program Files\Microsoft Office\root\vfs\ProgramFilesCommonx64\Microsoft Shared\Office16\opushutil.exe /pushregistration,C:\Program Files\Microsoft Office\root\vfs\ProgramFilesCommonx64\Microsoft Shared\Office16\opushutil.exe,True,INTERACTIVE (At logon time),True,Valid,"CN=Microsoft Corporation, O=Microsoft Corporation, L=Redmond, S=Washington, C=US",54d18281b7454d266fa7820afac9bb4359a74c72eab09c0fb68284ff01e47464,278e64ec8b6bc7376496816f6cb8d8c9,6.4339,False,"Unregister-ScheduledTask -TaskName ""\Microsoft\Office\Office Background Push Maintenance"" -Confirm:$false -ErrorAction SilentlyContinue",Suspicious Injection / Memory APIs (MEDIUM)
00ebc4e2,Task: Office ClickToRun Service Monitor,Scheduled Task,MEDIUM,0,Task Scheduler: \Microsoft\Office\Office ClickToRun Service Monitor,C:\Program Files\Common Files\Microsoft Shared\ClickToRun\OfficeC2RClient.exe /WatchService,C:\Program Files\Common Files\Microsoft Shared\ClickToRun\OfficeC2RClient.exe,True,SYSTEM (Daily ),True,Valid,"CN=Microsoft Corporation, O=Microsoft Corporation, L=Redmond, S=Washington, C=US",b2451e1862664a1789932ca088bffc5504d83debb4d729a4c21267180a7454d5,9dc508cb72a8c59b6ed8c51be1e7bb07,6.2466,False,"Unregister-ScheduledTask -TaskName ""\Microsoft\Office\Office ClickToRun Service Monitor"" -Confirm:$false -ErrorAction SilentlyContinue",Suspicious Injection / Memory APIs (MEDIUM)
d4e6a399,Task: Office Feature Updates,Scheduled Task,MEDIUM,0,Task Scheduler: \Microsoft\Office\Office Feature Updates,C:\Program Files\Microsoft Office\root\Office16\sdxhelper.exe ,C:\Program Files\Microsoft Office\root\Office16\sdxhelper.exe,True,Users (Daily ),True,Valid,"CN=Microsoft Corporation, O=Microsoft Corporation, L=Redmond, S=Washington, C=US",5daa72b1f745c37152ec98fc6640cdfd0f005afb26063b887d72b7b2781f4abe,9d3073f4f72ee7a8b80566377291dcdf,6.3224,False,"Unregister-ScheduledTask -TaskName ""\Microsoft\Office\Office Feature Updates"" -Confirm:$false -ErrorAction SilentlyContinue",Suspicious Injection / Memory APIs (MEDIUM)
1f11e379,Task: Office Feature Updates,Scheduled Task,MEDIUM,0,Task Scheduler: \Microsoft\Office\Office Feature Updates,C:\Program Files\Microsoft Office\root\Office16\sdxhelper.exe ,C:\Program Files\Microsoft Office\root\Office16\sdxhelper.exe,True,Users (Daily ),True,Valid,"CN=Microsoft Corporation, O=Microsoft Corporation, L=Redmond, S=Washington, C=US",5daa72b1f745c37152ec98fc6640cdfd0f005afb26063b887d72b7b2781f4abe,9d3073f4f72ee7a8b80566377291dcdf,6.3224,False,"Unregister-ScheduledTask -TaskName ""\Microsoft\Office\Office Feature Updates"" -Confirm:$false -ErrorAction SilentlyContinue",Suspicious Injection / Memory APIs (MEDIUM)
8e1863ba,Task: Office Feature Updates,Scheduled Task,MEDIUM,0,Task Scheduler: \Microsoft\Office\Office Feature Updates,C:\Program Files\Microsoft Office\root\Office16\sdxhelper.exe ,C:\Program Files\Microsoft Office\root\Office16\sdxhelper.exe,True,Users (Daily ),True,Valid,"CN=Microsoft Corporation, O=Microsoft Corporation, L=Redmond, S=Washington, C=US",5daa72b1f745c37152ec98fc6640cdfd0f005afb26063b887d72b7b2781f4abe,9d3073f4f72ee7a8b80566377291dcdf,6.3224,False,"Unregister-ScheduledTask -TaskName ""\Microsoft\Office\Office Feature Updates"" -Confirm:$false -ErrorAction SilentlyContinue",Suspicious Injection / Memory APIs (MEDIUM)
7ac9d3ef,Task: Office Feature Updates,Scheduled Task,MEDIUM,0,Task Scheduler: \Microsoft\Office\Office Feature Updates,C:\Program Files\Microsoft Office\root\Office16\sdxhelper.exe ,C:\Program Files\Microsoft Office\root\Office16\sdxhelper.exe,True,Users (Daily ),True,Valid,"CN=Microsoft Corporation, O=Microsoft Corporation, L=Redmond, S=Washington, C=US",5daa72b1f745c37152ec98fc6640cdfd0f005afb26063b887d72b7b2781f4abe,9d3073f4f72ee7a8b80566377291dcdf,6.3224,False,"Unregister-ScheduledTask -TaskName ""\Microsoft\Office\Office Feature Updates"" -Confirm:$false -ErrorAction SilentlyContinue",Suspicious Injection / Memory APIs (MEDIUM)
1a14eeb3,Task: Office Feature Updates,Scheduled Task,MEDIUM,0,Task Scheduler: \Microsoft\Office\Office Feature Updates,C:\Program Files\Microsoft Office\root\Office16\sdxhelper.exe ,C:\Program Files\Microsoft Office\root\Office16\sdxhelper.exe,True,Users (Daily ),True,Valid,"CN=Microsoft Corporation, O=Microsoft Corporation, L=Redmond, S=Washington, C=US",5daa72b1f745c37152ec98fc6640cdfd0f005afb26063b887d72b7b2781f4abe,9d3073f4f72ee7a8b80566377291dcdf,6.3224,False,"Unregister-ScheduledTask -TaskName ""\Microsoft\Office\Office Feature Updates"" -Confirm:$false -ErrorAction SilentlyContinue",Suspicious Injection / Memory APIs (MEDIUM)
9e58d044,Task: Office Feature Updates,Scheduled Task,MEDIUM,0,Task Scheduler: \Microsoft\Office\Office Feature Updates,C:\Program Files\Microsoft Office\root\Office16\sdxhelper.exe ,C:\Program Files\Microsoft Office\root\Office16\sdxhelper.exe,True,Users (Daily ),True,Valid,"CN=Microsoft Corporation, O=Microsoft Corporation, L=Redmond, S=Washington, C=US",5daa72b1f745c37152ec98fc6640cdfd0f005afb26063b887d72b7b2781f4abe,9d3073f4f72ee7a8b80566377291dcdf,6.3224,False,"Unregister-ScheduledTask -TaskName ""\Microsoft\Office\Office Feature Updates"" -Confirm:$false -ErrorAction SilentlyContinue",Suspicious Injection / Memory APIs (MEDIUM)
1ab85ae2,Task: Office Feature Updates Logon,Scheduled Task,MEDIUM,0,Task Scheduler: \Microsoft\Office\Office Feature Updates Logon,C:\Program Files\Microsoft Office\root\Office16\sdxhelper.exe /onlogon,C:\Program Files\Microsoft Office\root\Office16\sdxhelper.exe,True,Users (At logon time),True,Valid,"CN=Microsoft Corporation, O=Microsoft Corporation, L=Redmond, S=Washington, C=US",5daa72b1f745c37152ec98fc6640cdfd0f005afb26063b887d72b7b2781f4abe,9d3073f4f72ee7a8b80566377291dcdf,6.3224,False,"Unregister-ScheduledTask -TaskName ""\Microsoft\Office\Office Feature Updates Logon"" -Confirm:$false -ErrorAction SilentlyContinue",Suspicious Injection / Memory APIs (MEDIUM)
6a253e89,Task: Office Feature Updates Logon,Scheduled Task,MEDIUM,0,Task Scheduler: \Microsoft\Office\Office Feature Updates Logon,C:\Program Files\Microsoft Office\root\Office16\sdxhelper.exe /onlogon,C:\Program Files\Microsoft Office\root\Office16\sdxhelper.exe,True,Users (When an event occurs),True,Valid,"CN=Microsoft Corporation, O=Microsoft Corporation, L=Redmond, S=Washington, C=US",5daa72b1f745c37152ec98fc6640cdfd0f005afb26063b887d72b7b2781f4abe,9d3073f4f72ee7a8b80566377291dcdf,6.3224,False,"Unregister-ScheduledTask -TaskName ""\Microsoft\Office\Office Feature Updates Logon"" -Confirm:$false -ErrorAction SilentlyContinue",Suspicious Injection / Memory APIs (MEDIUM)
029bf9c1,Task: Office Performance Monitor,Scheduled Task,MEDIUM,0,Task Scheduler: \Microsoft\Office\Office Performance Monitor,C:\Program Files\Microsoft Office\root\VFS\ProgramFilesCommonX64\Microsoft Shared\Office16\operfmon.exe ,C:\Program Files\Microsoft Office\root\VFS\ProgramFilesCommonX64\Microsoft Shared\Office16\operfmon.exe,True,SYSTEM (When an event occurs),True,Valid,"CN=Microsoft Corporation, O=Microsoft Corporation, L=Redmond, S=Washington, C=US",9e746cb602ed8beff3ce1ba4aa450d66b63513964b45a391b44351327722e5e7,0cbe71e62cf10d4e177a8d73ee9e207d,6.444,False,"Unregister-ScheduledTask -TaskName ""\Microsoft\Office\Office Performance Monitor"" -Confirm:$false -ErrorAction SilentlyContinue",Suspicious Injection / Memory APIs (MEDIUM)
9ddebfa5,Task: Office Startup Maintenance,Scheduled Task,MEDIUM,0,Task Scheduler: \Microsoft\Office\Office Startup Maintenance,C:\Program Files\Microsoft Office\root\VFS\ProgramFilesCommonX64\Microsoft Shared\Office16\ActionsServer\ActionsServer.exe wacheck,C:\Program Files\Microsoft Office\root\VFS\ProgramFilesCommonX64\Microsoft Shared\Office16\ActionsServer\ActionsServer.exe,True,Users (At logon time),True,Valid,"CN=Microsoft Corporation, O=Microsoft Corporation, L=Redmond, S=Washington, C=US",9d122d0dc553a09e5b35cd064a826355ddf7c4d6edc5aa12cb4406c965d4efb0,f8f4194da29bd21651eaa8ebbe3888a8,6.4523,False,"Unregister-ScheduledTask -TaskName ""\Microsoft\Office\Office Startup Maintenance"" -Confirm:$false -ErrorAction SilentlyContinue",Suspicious Injection / Memory APIs (MEDIUM)
382019b6,Task: Office Startup Maintenance,Scheduled Task,MEDIUM,0,Task Scheduler: \Microsoft\Office\Office Startup Maintenance,C:\Program Files\Microsoft Office\root\VFS\ProgramFilesCommonX64\Microsoft Shared\Office16\ActionsServer\ActionsServer.exe wacheck,C:\Program Files\Microsoft Office\root\VFS\ProgramFilesCommonX64\Microsoft Shared\Office16\ActionsServer\ActionsServer.exe,True,Users (Daily ),True,Valid,"CN=Microsoft Corporation, O=Microsoft Corporation, L=Redmond, S=Washington, C=US",9d122d0dc553a09e5b35cd064a826355ddf7c4d6edc5aa12cb4406c965d4efb0,f8f4194da29bd21651eaa8ebbe3888a8,6.4523,False,"Unregister-ScheduledTask -TaskName ""\Microsoft\Office\Office Startup Maintenance"" -Confirm:$false -ErrorAction SilentlyContinue",Suspicious Injection / Memory APIs (MEDIUM)
4b347d9c,Task: PolicyConverter,Scheduled Task,MEDIUM,0,Task Scheduler: \Microsoft\Windows\AppID\PolicyConverter,%windir%\system32\appidpolicyconverter.exe ,C:\WINDOWS\system32\appidpolicyconverter.exe,False,SYSTEM (On demand only),True,Valid,Microsoft Windows,4a345701a138abdafebbeada9be369686a026c77707f22b97bc0cf676c50ad99,6567d9cf2545faac60974d9d682700d4,5.4769,False,"Unregister-ScheduledTask -TaskName ""\Microsoft\Windows\AppID\PolicyConverter"" -Confirm:$false -ErrorAction SilentlyContinue",Timestomping Timestamp Anomaly (MEDIUM)
379ff42f,Task: DsSvcCleanup,Scheduled Task,MEDIUM,0,Task Scheduler: \Microsoft\Windows\ApplicationData\DsSvcCleanup,%windir%\system32\dstokenclean.exe ,C:\WINDOWS\system32\dstokenclean.exe,True,SYSTEM (On demand only),True,Valid,Microsoft Windows,073e9922d84caaa744f5cf99638306bab74980ca7dd8513d91e072aa2c9692ec,3f882ebb068b8fc6f24913fa399b84c1,2.0535,False,"Unregister-ScheduledTask -TaskName ""\Microsoft\Windows\ApplicationData\DsSvcCleanup"" -Confirm:$false -ErrorAction SilentlyContinue",Timestomping Timestamp Anomaly (MEDIUM)
1c511df7,Task: UninstallDeviceTask,Scheduled Task,MEDIUM,0,Task Scheduler: \Microsoft\Windows\Bluetooth\UninstallDeviceTask,BthUdTask.exe $(Arg0),C:\WINDOWS\System32\BthUdTask.exe,True,SYSTEM (On demand only),True,Valid,Microsoft Windows,560fe93a4c29aea179b8b57d948a4de836ecf6925d9662f0482f97ad43e15c47,f8f68ee995844afa5a986ac9c261029e,2.9439,False,"Unregister-ScheduledTask -TaskName ""\Microsoft\Windows\Bluetooth\UninstallDeviceTask"" -Confirm:$false -ErrorAction SilentlyContinue",Timestomping Timestamp Anomaly (MEDIUM)
2d5adf76,Task: ScheduledDefrag,Scheduled Task,MEDIUM,0,Task Scheduler: \Microsoft\Windows\Defrag\ScheduledDefrag,%windir%\system32\defrag.exe -c -h -o -$,C:\WINDOWS\system32\defrag.exe,True,SYSTEM (On demand only),True,Valid,Microsoft Windows,edf1fbb7770d5d8e4daaf40ac72a4fac4cb5983d076cfe413e29786e59123953,662ba4db4d348d5152ebc73f12a7ab49,6.6903,False,"Unregister-ScheduledTask -TaskName ""\Microsoft\Windows\Defrag\ScheduledDefrag"" -Confirm:$false -ErrorAction SilentlyContinue",Timestomping Timestamp Anomaly (MEDIUM)
d8098c83,Task: Diagnostics,Scheduled Task,MEDIUM,0,Task Scheduler: \Microsoft\Windows\DiskFootprint\Diagnostics,%windir%\system32\disksnapshot.exe -z,C:\WINDOWS\system32\disksnapshot.exe,True,SYSTEM (On demand only),True,Valid,Microsoft Windows,fa7c499b2eef78d5c931af65bf0f273f7b03848641f057c0cbefaf6444354ba9,d2ae980905d6f4da5095fdc4fbd04bc9,5.1076,False,"Unregister-ScheduledTask -TaskName ""\Microsoft\Windows\DiskFootprint\Diagnostics"" -Confirm:$false -ErrorAction SilentlyContinue",Suspicious Injection / Memory APIs (MEDIUM)
ec9d970a,Task: DmClient,Scheduled Task,MEDIUM,0,Task Scheduler: \Microsoft\Windows\Feedback\Siuf\DmClient,%windir%\system32\dmclient.exe ,C:\WINDOWS\system32\dmclient.exe,True,SYSTEM (On demand only),True,Valid,Microsoft Windows,1dd32943b77417f0ab6408ebe697ba4f97192729f4a60d7cb99241d59a93dcdc,125dfae9c731e35c933503adf6229f79,5.6995,False,"Unregister-ScheduledTask -TaskName ""\Microsoft\Windows\Feedback\Siuf\DmClient"" -Confirm:$false -ErrorAction SilentlyContinue",Suspicious Injection / Memory APIs (MEDIUM)
5564a3a5,Task: DmClientOnScenarioDownload,Scheduled Task,MEDIUM,0,Task Scheduler: \Microsoft\Windows\Feedback\Siuf\DmClientOnScenarioDownload,%windir%\system32\dmclient.exe utcwnf,C:\WINDOWS\system32\dmclient.exe,True,SYSTEM (Undefined),True,Valid,Microsoft Windows,1dd32943b77417f0ab6408ebe697ba4f97192729f4a60d7cb99241d59a93dcdc,125dfae9c731e35c933503adf6229f79,5.6995,False,"Unregister-ScheduledTask -TaskName ""\Microsoft\Windows\Feedback\Siuf\DmClientOnScenarioDownload"" -Confirm:$false -ErrorAction SilentlyContinue",Suspicious Injection / Memory APIs (MEDIUM)
c732fbea,Task: Notifications,Scheduled Task,MEDIUM,0,Task Scheduler: \Microsoft\Windows\Location\Notifications,%windir%\System32\LocationNotificationWindows.exe ,C:\WINDOWS\System32\LocationNotificationWindows.exe,True,Authenticated Users (Undefined),True,Valid,Microsoft Windows,24ae13202c4624056359445101fd3438af6a12872c1ecfd8154e7ce60f12eeee,f5aed6a72e084d8a58a74c5f400375fa,5.2866,False,"Unregister-ScheduledTask -TaskName ""\Microsoft\Windows\Location\Notifications"" -Confirm:$false -ErrorAction SilentlyContinue",Suspicious Injection / Memory APIs (MEDIUM)
318f6a73,Task: GatherNetworkInfo,Scheduled Task,CLEAN,0,Task Scheduler: \Microsoft\Windows\NetTrace\GatherNetworkInfo,%windir%\system32\gatherNetworkInfo.vbs ,C:\WINDOWS\system32\gatherNetworkInfo.vbs,True,Users (On demand only),True,Valid,Microsoft Windows,1c9337004cbd0e1e5c09bee609ee1991be3aa791c31f1c873e6d8f70c3c876d0,da4d4261a43de7e851a9378ed0668eb9,5.0496,False,"Unregister-ScheduledTask -TaskName ""\Microsoft\Windows\NetTrace\GatherNetworkInfo"" -Confirm:$false -ErrorAction SilentlyContinue",
b272a1a9,Task: Storage Tiers Optimization,Scheduled Task,MEDIUM,0,Task Scheduler: \Microsoft\Windows\Storage Tiers Management\Storage Tiers Optimization,%windir%\system32\defrag.exe -c -h -g -# -m 8 -i 13500,C:\WINDOWS\system32\defrag.exe,False,"SYSTEM (One Time Only, Hourly )",True,Valid,Microsoft Windows,edf1fbb7770d5d8e4daaf40ac72a4fac4cb5983d076cfe413e29786e59123953,662ba4db4d348d5152ebc73f12a7ab49,6.6903,False,"Unregister-ScheduledTask -TaskName ""\Microsoft\Windows\Storage Tiers Management\Storage Tiers Optimization"" -Confirm:$false -ErrorAction SilentlyContinue",Timestomping Timestamp Anomaly (MEDIUM)
5059a900,Task: SR,Scheduled Task,MEDIUM,0,Task Scheduler: \Microsoft\Windows\SystemRestore\SR,%windir%\system32\srtasks.exe ExecuteScheduledSPPCreation,C:\WINDOWS\system32\srtasks.exe,True,SYSTEM (On demand only),True,Valid,Microsoft Windows,e31cb9596844c0ec7f3181e6be76b98c3053da46a515c49469f48a2f8c328659,a0a091f6ccf2f6c6097ec1afde3b6936,5.0036,False,"Unregister-ScheduledTask -TaskName ""\Microsoft\Windows\SystemRestore\SR"" -Confirm:$false -ErrorAction SilentlyContinue",Timestomping Timestamp Anomaly (MEDIUM)
de553bcc,Task: SynchronizeTimeZone,Scheduled Task,MEDIUM,0,Task Scheduler: \Microsoft\Windows\Time Zone\SynchronizeTimeZone,%windir%\system32\tzsync.exe ,C:\WINDOWS\system32\tzsync.exe,True,SYSTEM (On demand only),True,Valid,Microsoft Windows,d269d362a547c068a89042f6d905ddeaf7c9a81516ccc68d3baa44e444a4d76b,765de74b5a07f0a2e115c2d7954c89f2,5.8987,False,"Unregister-ScheduledTask -TaskName ""\Microsoft\Windows\Time Zone\SynchronizeTimeZone"" -Confirm:$false -ErrorAction SilentlyContinue",Timestomping Timestamp Anomaly (MEDIUM)
fb41e50f,Task: RunUpdateNotificationMgr,Scheduled Task,MEDIUM,0,Task Scheduler: \Microsoft\Windows\UNP\RunUpdateNotificationMgr,%windir%\System32\UNP\UpdateNotificationMgr.exe ,C:\WINDOWS\System32\UNP\UpdateNotificationMgr.exe,False,SYSTEM (Daily ),True,Valid,Microsoft Windows,1af82d8d2c4a418e26f787811966428478d8a306de5c629d05dd4e968ce2cc85,4c87b5c5e9ba3b511d989a2936504d9a,6.0667,False,"Unregister-ScheduledTask -TaskName ""\Microsoft\Windows\UNP\RunUpdateNotificationMgr"" -Confirm:$false -ErrorAction SilentlyContinue",Suspicious Injection / Memory APIs (MEDIUM)
8ef75b69,Task: RunUpdateNotificationMgr,Scheduled Task,MEDIUM,0,Task Scheduler: \Microsoft\Windows\UNP\RunUpdateNotificationMgr,%windir%\System32\UNP\UpdateNotificationMgr.exe ,C:\WINDOWS\System32\UNP\UpdateNotificationMgr.exe,False,SYSTEM (At system start up),True,Valid,Microsoft Windows,1af82d8d2c4a418e26f787811966428478d8a306de5c629d05dd4e968ce2cc85,4c87b5c5e9ba3b511d989a2936504d9a,6.0667,False,"Unregister-ScheduledTask -TaskName ""\Microsoft\Windows\UNP\RunUpdateNotificationMgr"" -Confirm:$false -ErrorAction SilentlyContinue",Suspicious Injection / Memory APIs (MEDIUM)
dd13e107,Task: Windows Defender Cache Maintenance,Scheduled Task,MEDIUM,0,Task Scheduler: \Microsoft\Windows\Windows Defender\Windows Defender Cache Maintenance,C:\ProgramData\Microsoft\Windows Defender\Platform\4.18.26080.4-0\MpCmdRun.exe -IdleTask -TaskName WdCacheMaintenance,C:\ProgramData\Microsoft\Windows Defender\Platform\4.18.26080.4-0\MpCmdRun.exe,True,SYSTEM (On demand only),True,Valid,"CN=Microsoft Windows Publisher, O=Microsoft Corporation, L=Redmond, S=Washington, C=US",540bb6e0b6596cdc636cfb83aca6c462282a5770d6b3044cc49ef06414f1d5fb,f32d5e3526ccd0c9dcf73cf78f29e5eb,6.4659,False,"Unregister-ScheduledTask -TaskName ""\Microsoft\Windows\Windows Defender\Windows Defender Cache Maintenance"" -Confirm:$false -ErrorAction SilentlyContinue",Suspicious Injection / Memory APIs (MEDIUM)
3c7fdf39,Task: Windows Defender Cleanup,Scheduled Task,MEDIUM,0,Task Scheduler: \Microsoft\Windows\Windows Defender\Windows Defender Cleanup,C:\ProgramData\Microsoft\Windows Defender\Platform\4.18.26080.4-0\MpCmdRun.exe -IdleTask -TaskName WdCleanup,C:\ProgramData\Microsoft\Windows Defender\Platform\4.18.26080.4-0\MpCmdRun.exe,True,SYSTEM (On demand only),True,Valid,"CN=Microsoft Windows Publisher, O=Microsoft Corporation, L=Redmond, S=Washington, C=US",540bb6e0b6596cdc636cfb83aca6c462282a5770d6b3044cc49ef06414f1d5fb,f32d5e3526ccd0c9dcf73cf78f29e5eb,6.4659,False,"Unregister-ScheduledTask -TaskName ""\Microsoft\Windows\Windows Defender\Windows Defender Cleanup"" -Confirm:$false -ErrorAction SilentlyContinue",Suspicious Injection / Memory APIs (MEDIUM)
061def44,Task: Windows Defender Scheduled Scan,Scheduled Task,MEDIUM,0,Task Scheduler: \Microsoft\Windows\Windows Defender\Windows Defender Scheduled Scan,C:\ProgramData\Microsoft\Windows Defender\Platform\4.18.26080.4-0\MpCmdRun.exe Scan -ScheduleJob -ScanTrigger 55 -IdleScheduledJob,C:\ProgramData\Microsoft\Windows Defender\Platform\4.18.26080.4-0\MpCmdRun.exe,True,SYSTEM (On demand only),True,Valid,"CN=Microsoft Windows Publisher, O=Microsoft Corporation, L=Redmond, S=Washington, C=US",540bb6e0b6596cdc636cfb83aca6c462282a5770d6b3044cc49ef06414f1d5fb,f32d5e3526ccd0c9dcf73cf78f29e5eb,6.4659,False,"Unregister-ScheduledTask -TaskName ""\Microsoft\Windows\Windows Defender\Windows Defender Scheduled Scan"" -Confirm:$false -ErrorAction SilentlyContinue",Suspicious Injection / Memory APIs (MEDIUM)
eadad5f3,Task: Windows Defender Verification,Scheduled Task,MEDIUM,0,Task Scheduler: \Microsoft\Windows\Windows Defender\Windows Defender Verification,C:\ProgramData\Microsoft\Windows Defender\Platform\4.18.26080.4-0\MpCmdRun.exe -IdleTask -TaskName WdVerification,C:\ProgramData\Microsoft\Windows Defender\Platform\4.18.26080.4-0\MpCmdRun.exe,True,SYSTEM (On demand only),True,Valid,"CN=Microsoft Windows Publisher, O=Microsoft Corporation, L=Redmond, S=Washington, C=US",540bb6e0b6596cdc636cfb83aca6c462282a5770d6b3044cc49ef06414f1d5fb,f32d5e3526ccd0c9dcf73cf78f29e5eb,6.4659,False,"Unregister-ScheduledTask -TaskName ""\Microsoft\Windows\Windows Defender\Windows Defender Verification"" -Confirm:$false -ErrorAction SilentlyContinue",Suspicious Injection / Memory APIs (MEDIUM)
94fc31fd,"Service: @%SystemRoot%\system32\AudioEndpointBuilder.dll,-204",Windows Service,MEDIUM,0,HKLM\SYSTEM\CurrentControlSet\Services\AudioEndpointBuilder,%SystemRoot%\System32\svchost.exe -k LocalSystemNetworkRestricted -p,C:\WINDOWS\System32\svchost.exe,True,LocalSystem (Auto Start),True,Valid,Microsoft Windows,949bfb5b4c7d58d92f3f9c5f8ec7ca4ceaffd10ec5f0020f0a987c472d61c54b,8ec922c7a58a8701ab481b7be9644536,4.936,False,"Stop-Service -Name ""AudioEndpointBuilder"" -Force -ErrorAction SilentlyContinue; Set-Service -Name ""AudioEndpointBuilder"" -StartupType Disabled",Timestomping Timestamp Anomaly (MEDIUM)
e13c4502,"Service: @%SystemRoot%\system32\audiosrv.dll,-200",Windows Service,MEDIUM,0,HKLM\SYSTEM\CurrentControlSet\Services\Audiosrv,%SystemRoot%\System32\svchost.exe -k LocalServiceNetworkRestricted -p,C:\WINDOWS\System32\svchost.exe,True,NT AUTHORITY\LocalService (Auto Start),True,Valid,Microsoft Windows,949bfb5b4c7d58d92f3f9c5f8ec7ca4ceaffd10ec5f0020f0a987c472d61c54b,8ec922c7a58a8701ab481b7be9644536,4.936,False,"Stop-Service -Name ""Audiosrv"" -Force -ErrorAction SilentlyContinue; Set-Service -Name ""Audiosrv"" -StartupType Disabled",Timestomping Timestamp Anomaly (MEDIUM)
89740996,"Service: @%SystemRoot%\system32\bfe.dll,-1001",Windows Service,MEDIUM,0,HKLM\SYSTEM\CurrentControlSet\Services\BFE,%systemroot%\system32\svchost.exe -k LocalServiceNoNetworkFirewall -p,C:\WINDOWS\system32\svchost.exe,True,NT AUTHORITY\LocalService (Auto Start),True,Valid,Microsoft Windows,949bfb5b4c7d58d92f3f9c5f8ec7ca4ceaffd10ec5f0020f0a987c472d61c54b,8ec922c7a58a8701ab481b7be9644536,4.936,False,"Stop-Service -Name ""BFE"" -Force -ErrorAction SilentlyContinue; Set-Service -Name ""BFE"" -StartupType Disabled",Timestomping Timestamp Anomaly (MEDIUM)
c378156e,"Service: @%SystemRoot%\system32\qmgr.dll,-1000",Windows Service,MEDIUM,0,HKLM\SYSTEM\CurrentControlSet\Services\BITS,%SystemRoot%\System32\svchost.exe -k netsvcs -p,C:\WINDOWS\System32\svchost.exe,True,LocalSystem (Delayed Auto Start),True,Valid,Microsoft Windows,949bfb5b4c7d58d92f3f9c5f8ec7ca4ceaffd10ec5f0020f0a987c472d61c54b,8ec922c7a58a8701ab481b7be9644536,4.936,False,"Stop-Service -Name ""BITS"" -Force -ErrorAction SilentlyContinue; Set-Service -Name ""BITS"" -StartupType Disabled",Timestomping Timestamp Anomaly (MEDIUM)
53239cd5,"Service: @%windir%\system32\bisrv.dll,-100",Windows Service,MEDIUM,0,HKLM\SYSTEM\CurrentControlSet\Services\BrokerInfrastructure,%SystemRoot%\system32\svchost.exe -k DcomLaunch -p,C:\WINDOWS\system32\svchost.exe,True,LocalSystem (Auto Start),True,Valid,Microsoft Windows,949bfb5b4c7d58d92f3f9c5f8ec7ca4ceaffd10ec5f0020f0a987c472d61c54b,8ec922c7a58a8701ab481b7be9644536,4.936,False,"Stop-Service -Name ""BrokerInfrastructure"" -Force -ErrorAction SilentlyContinue; Set-Service -Name ""BrokerInfrastructure"" -StartupType Disabled",Timestomping Timestamp Anomaly (MEDIUM)
4c2bdd17,"Service: @%SystemRoot%\system32\cbdhsvc.dll,-100",Windows Service,MEDIUM,0,HKLM\SYSTEM\CurrentControlSet\Services\cbdhsvc,%SystemRoot%\system32\svchost.exe -k ClipboardSvcGroup -p,C:\WINDOWS\system32\svchost.exe,True,LocalSystem (Delayed Auto Start),True,Valid,Microsoft Windows,949bfb5b4c7d58d92f3f9c5f8ec7ca4ceaffd10ec5f0020f0a987c472d61c54b,8ec922c7a58a8701ab481b7be9644536,4.936,False,"Stop-Service -Name ""cbdhsvc"" -Force -ErrorAction SilentlyContinue; Set-Service -Name ""cbdhsvc"" -StartupType Disabled",Timestomping Timestamp Anomaly (MEDIUM)
18a1e6d7,Service: Clipboard User Service_82433f75,Windows Service,MEDIUM,0,HKLM\SYSTEM\CurrentControlSet\Services\cbdhsvc_82433f75,C:\WINDOWS\system32\svchost.exe -k ClipboardSvcGroup -p,C:\WINDOWS\system32\svchost.exe,True,LocalSystem (Auto Start),True,Valid,Microsoft Windows,949bfb5b4c7d58d92f3f9c5f8ec7ca4ceaffd10ec5f0020f0a987c472d61c54b,8ec922c7a58a8701ab481b7be9644536,4.936,False,"Stop-Service -Name ""cbdhsvc_82433f75"" -Force -ErrorAction SilentlyContinue; Set-Service -Name ""cbdhsvc_82433f75"" -StartupType Disabled",Timestomping Timestamp Anomaly (MEDIUM)
de1c076b,Service: Clipboard User Service_825522ed,Windows Service,MEDIUM,0,HKLM\SYSTEM\CurrentControlSet\Services\cbdhsvc_825522ed,C:\WINDOWS\system32\svchost.exe -k ClipboardSvcGroup -p,C:\WINDOWS\system32\svchost.exe,True,LocalSystem (Auto Start),True,Valid,Microsoft Windows,949bfb5b4c7d58d92f3f9c5f8ec7ca4ceaffd10ec5f0020f0a987c472d61c54b,8ec922c7a58a8701ab481b7be9644536,4.936,False,"Stop-Service -Name ""cbdhsvc_825522ed"" -Force -ErrorAction SilentlyContinue; Set-Service -Name ""cbdhsvc_825522ed"" -StartupType Disabled",Timestomping Timestamp Anomaly (MEDIUM)
a2089b93,"Service: @%SystemRoot%\system32\cdpsvc.dll,-100",Windows Service,MEDIUM,0,HKLM\SYSTEM\CurrentControlSet\Services\CDPSvc,%SystemRoot%\system32\svchost.exe -k LocalService -p,C:\WINDOWS\system32\svchost.exe,True,NT AUTHORITY\LocalService (Delayed Auto Start),True,Valid,Microsoft Windows,949bfb5b4c7d58d92f3f9c5f8ec7ca4ceaffd10ec5f0020f0a987c472d61c54b,8ec922c7a58a8701ab481b7be9644536,4.936,False,"Stop-Service -Name ""CDPSvc"" -Force -ErrorAction SilentlyContinue; Set-Service -Name ""CDPSvc"" -StartupType Disabled",Timestomping Timestamp Anomaly (MEDIUM)
d3c3ab22,"Service: @%SystemRoot%\system32\cdpusersvc.dll,-100",Windows Service,MEDIUM,0,HKLM\SYSTEM\CurrentControlSet\Services\CDPUserSvc,%SystemRoot%\system32\svchost.exe -k UnistackSvcGroup,C:\WINDOWS\system32\svchost.exe,True,LocalSystem (Auto Start),True,Valid,Microsoft Windows,949bfb5b4c7d58d92f3f9c5f8ec7ca4ceaffd10ec5f0020f0a987c472d61c54b,8ec922c7a58a8701ab481b7be9644536,4.936,False,"Stop-Service -Name ""CDPUserSvc"" -Force -ErrorAction SilentlyContinue; Set-Service -Name ""CDPUserSvc"" -StartupType Disabled",Timestomping Timestamp Anomaly (MEDIUM)
74e081eb,Service: Connected Devices Platform User Service_82433f75,Windows Service,MEDIUM,0,HKLM\SYSTEM\CurrentControlSet\Services\CDPUserSvc_82433f75,C:\WINDOWS\system32\svchost.exe -k UnistackSvcGroup,C:\WINDOWS\system32\svchost.exe,True,LocalSystem (Auto Start),True,Valid,Microsoft Windows,949bfb5b4c7d58d92f3f9c5f8ec7ca4ceaffd10ec5f0020f0a987c472d61c54b,8ec922c7a58a8701ab481b7be9644536,4.936,False,"Stop-Service -Name ""CDPUserSvc_82433f75"" -Force -ErrorAction SilentlyContinue; Set-Service -Name ""CDPUserSvc_82433f75"" -StartupType Disabled",Timestomping Timestamp Anomaly (MEDIUM)
e9db9f16,Service: Connected Devices Platform User Service_825522ed,Windows Service,MEDIUM,0,HKLM\SYSTEM\CurrentControlSet\Services\CDPUserSvc_825522ed,C:\WINDOWS\system32\svchost.exe -k UnistackSvcGroup,C:\WINDOWS\system32\svchost.exe,True,LocalSystem (Auto Start),True,Valid,Microsoft Windows,949bfb5b4c7d58d92f3f9c5f8ec7ca4ceaffd10ec5f0020f0a987c472d61c54b,8ec922c7a58a8701ab481b7be9644536,4.936,False,"Stop-Service -Name ""CDPUserSvc_825522ed"" -Force -ErrorAction SilentlyContinue; Set-Service -Name ""CDPUserSvc_825522ed"" -StartupType Disabled",Timestomping Timestamp Anomaly (MEDIUM)
5f073f9f,Service: Microsoft Office Click-to-Run Service,Windows Service,MEDIUM,0,HKLM\SYSTEM\CurrentControlSet\Services\ClickToRunSvc,"""C:\Program Files\Common Files\Microsoft Shared\ClickToRun\OfficeClickToRun.exe"" /service",C:\Program Files\Common Files\Microsoft Shared\ClickToRun\OfficeClickToRun.exe,True,LocalSystem (Auto Start),True,Valid,"CN=Microsoft Corporation, O=Microsoft Corporation, L=Redmond, S=Washington, C=US",e5607f2f911725547b97ffc66dd7ea0051336c58f5061b134b2b0f3740a9c8e2,0b584544f0166e6c27ecf0ebc3dd97be,6.327,False,"Stop-Service -Name ""ClickToRunSvc"" -Force -ErrorAction SilentlyContinue; Set-Service -Name ""ClickToRunSvc"" -StartupType Disabled",Suspicious Injection / Memory APIs (MEDIUM)
cc325127,"Service: @%SystemRoot%\system32\coremessaging.dll,-1",Windows Service,MEDIUM,0,HKLM\SYSTEM\CurrentControlSet\Services\CoreMessagingRegistrar,%SystemRoot%\system32\svchost.exe -k LocalServiceNoNetwork -p,C:\WINDOWS\system32\svchost.exe,True,NT AUTHORITY\LocalService (Auto Start),True,Valid,Microsoft Windows,949bfb5b4c7d58d92f3f9c5f8ec7ca4ceaffd10ec5f0020f0a987c472d61c54b,8ec922c7a58a8701ab481b7be9644536,4.936,False,"Stop-Service -Name ""CoreMessagingRegistrar"" -Force -ErrorAction SilentlyContinue; Set-Service -Name ""CoreMessagingRegistrar"" -StartupType Disabled",Timestomping Timestamp Anomaly (MEDIUM)
bea78878,Service: Intel(R) Content Protection HDCP Service,Windows Service,MEDIUM,0,HKLM\SYSTEM\CurrentControlSet\Services\cplspcon,%SystemRoot%\System32\DriverStore\FileRepository\iigd_dch.inf_amd64_0c60bf54d0c15082\IntelCpHDCPSvc.exe,C:\WINDOWS\System32\DriverStore\FileRepository\iigd_dch.inf_amd64_0c60bf54d0c15082\IntelCpHDCPSvc.exe,True,LocalSystem (Auto Start),True,Valid,Microsoft Windows,7bb4ea58375138f3570ea7019f6deec1d35b78ad02a538e6f4cfe3fc47b4ccea,d41550358a41421fae58125ac21b2303,6.4996,False,"Stop-Service -Name ""cplspcon"" -Force -ErrorAction SilentlyContinue; Set-Service -Name ""cplspcon"" -StartupType Disabled",Suspicious Injection / Memory APIs (MEDIUM)
45ded4b2,"Service: @%SystemRoot%\system32\cryptsvc.dll,-1001",Windows Service,MEDIUM,0,HKLM\SYSTEM\CurrentControlSet\Services\CryptSvc,%SystemRoot%\system32\svchost.exe -k NetworkService -p,C:\WINDOWS\system32\svchost.exe,True,NT Authority\NetworkService (Auto Start),True,Valid,Microsoft Windows,949bfb5b4c7d58d92f3f9c5f8ec7ca4ceaffd10ec5f0020f0a987c472d61c54b,8ec922c7a58a8701ab481b7be9644536,4.936,False,"Stop-Service -Name ""CryptSvc"" -Force -ErrorAction SilentlyContinue; Set-Service -Name ""CryptSvc"" -StartupType Disabled",Timestomping Timestamp Anomaly (MEDIUM)
13864b80,"Service: @combase.dll,-5012",Windows Service,MEDIUM,0,HKLM\SYSTEM\CurrentControlSet\Services\DcomLaunch,%SystemRoot%\system32\svchost.exe -k DcomLaunch -p,C:\WINDOWS\system32\svchost.exe,True,LocalSystem (Auto Start),True,Valid,Microsoft Windows,949bfb5b4c7d58d92f3f9c5f8ec7ca4ceaffd10ec5f0020f0a987c472d61c54b,8ec922c7a58a8701ab481b7be9644536,4.936,False,"Stop-Service -Name ""DcomLaunch"" -Force -ErrorAction SilentlyContinue; Set-Service -Name ""DcomLaunch"" -StartupType Disabled",Timestomping Timestamp Anomaly (MEDIUM)
153bed8d,"Service: @%systemroot%\system32\dcsvc.dll,-101",Windows Service,MEDIUM,0,HKLM\SYSTEM\CurrentControlSet\Services\dcsvc,%systemroot%\system32\svchost.exe -k netsvcs -p,C:\WINDOWS\system32\svchost.exe,True,LocalSystem (Delayed Auto Start),True,Valid,Microsoft Windows,949bfb5b4c7d58d92f3f9c5f8ec7ca4ceaffd10ec5f0020f0a987c472d61c54b,8ec922c7a58a8701ab481b7be9644536,4.936,False,"Stop-Service -Name ""dcsvc"" -Force -ErrorAction SilentlyContinue; Set-Service -Name ""dcsvc"" -StartupType Disabled",Timestomping Timestamp Anomaly (MEDIUM)
f474cdc7,Service: Dell Digital Delivery Services,Windows Service,CLEAN,0,HKLM\SYSTEM\CurrentControlSet\Services\Dell Digital Delivery Services,"""C:\Program Files (x86)\Dell Digital Delivery Services\Dell.D3.WinSvc.exe""",C:\Program Files (x86)\Dell Digital Delivery Services\Dell.D3.WinSvc.exe,True,LocalSystem (Delayed Auto Start),True,Valid,"CN=Dell Technologies Inc., OU=Client Software, O=Dell Technologies Inc., L=Round Rock, S=Texas, C=US, SERIALNUMBER=5280394, OID.2.5.4.15=Private Organization, OID.1.3.6.1.4.1.311.60.2.1.2=Delaware, OID.1.3.6.1.4.1.311.60.2.1.3=US",f84a70fa80dc6a7c42bcac7099ff069e70ba55ba61e8520d80806826448ca91a,4b856ad7cb9eed271f519d2f7d4052b6,6.1638,False,"Stop-Service -Name ""Dell Digital Delivery Services"" -Force -ErrorAction SilentlyContinue; Set-Service -Name ""Dell Digital Delivery Services"" -StartupType Disabled",
857996b3,Service: Dell Client Management Service,Windows Service,CLEAN,0,HKLM\SYSTEM\CurrentControlSet\Services\DellClientManagementService,"""C:\Program Files (x86)\Dell\UpdateService\ServiceShell.exe""",C:\Program Files (x86)\Dell\UpdateService\ServiceShell.exe,True,LocalSystem (Delayed Auto Start),True,Valid,"CN=Dell Technologies Inc., OU=Client Software, O=Dell Technologies Inc., L=Round Rock, S=Texas, C=US, SERIALNUMBER=5280394, OID.2.5.4.15=Private Organization, OID.1.3.6.1.4.1.311.60.2.1.2=Delaware, OID.1.3.6.1.4.1.311.60.2.1.3=US",e5c179ebb8aeaa70005a18e9f4efa6f12d050bf81b0591c0a5f6aebc44366147,60e5de1c0d990f4f44305a3b0549a460,5.8676,False,"Stop-Service -Name ""DellClientManagementService"" -Force -ErrorAction SilentlyContinue; Set-Service -Name ""DellClientManagementService"" -StartupType Disabled",
3b8c72f5,"Service: @%SystemRoot%\system32\umpnpmgr.dll,-100",Windows Service,MEDIUM,0,HKLM\SYSTEM\CurrentControlSet\Services\DeviceInstall,%SystemRoot%\system32\svchost.exe -k DcomLaunch -p,C:\WINDOWS\system32\svchost.exe,True,LocalSystem (Auto Start),True,Valid,Microsoft Windows,949bfb5b4c7d58d92f3f9c5f8ec7ca4ceaffd10ec5f0020f0a987c472d61c54b,8ec922c7a58a8701ab481b7be9644536,4.936,False,"Stop-Service -Name ""DeviceInstall"" -Force -ErrorAction SilentlyContinue; Set-Service -Name ""DeviceInstall"" -StartupType Disabled",Timestomping Timestamp Anomaly (MEDIUM)
31dfe021,"Service: @%SystemRoot%\system32\dhcpcore.dll,-100",Windows Service,MEDIUM,0,HKLM\SYSTEM\CurrentControlSet\Services\Dhcp,%SystemRoot%\system32\svchost.exe -k LocalServiceNetworkRestricted -p,C:\WINDOWS\system32\svchost.exe,True,NT Authority\LocalService (Auto Start),True,Valid,Microsoft Windows,949bfb5b4c7d58d92f3f9c5f8ec7ca4ceaffd10ec5f0020f0a987c472d61c54b,8ec922c7a58a8701ab481b7be9644536,4.936,False,"Stop-Service -Name ""Dhcp"" -Force -ErrorAction SilentlyContinue; Set-Service -Name ""Dhcp"" -StartupType Disabled",Timestomping Timestamp Anomaly (MEDIUM)
0591a334,"Service: @%SystemRoot%\system32\diagtrack.dll,-3001",Windows Service,MEDIUM,0,HKLM\SYSTEM\CurrentControlSet\Services\DiagTrack,%SystemRoot%\System32\svchost.exe -k utcsvc -p,C:\WINDOWS\System32\svchost.exe,True,LocalSystem (Auto Start),True,Valid,Microsoft Windows,949bfb5b4c7d58d92f3f9c5f8ec7ca4ceaffd10ec5f0020f0a987c472d61c54b,8ec922c7a58a8701ab481b7be9644536,4.936,False,"Stop-Service -Name ""DiagTrack"" -Force -ErrorAction SilentlyContinue; Set-Service -Name ""DiagTrack"" -StartupType Disabled",Timestomping Timestamp Anomaly (MEDIUM)
aaddbdf2,"Service: @%SystemRoot%\system32\dispbroker.desktop.dll,-101",Windows Service,MEDIUM,0,HKLM\SYSTEM\CurrentControlSet\Services\DispBrokerDesktopSvc,%SystemRoot%\system32\svchost.exe -k LocalService -p,C:\WINDOWS\system32\svchost.exe,True,NT AUTHORITY\LocalService (Auto Start),True,Valid,Microsoft Windows,949bfb5b4c7d58d92f3f9c5f8ec7ca4ceaffd10ec5f0020f0a987c472d61c54b,8ec922c7a58a8701ab481b7be9644536,4.936,False,"Stop-Service -Name ""DispBrokerDesktopSvc"" -Force -ErrorAction SilentlyContinue; Set-Service -Name ""DispBrokerDesktopSvc"" -StartupType Disabled",Timestomping Timestamp Anomaly (MEDIUM)
efe39518,"Service: @%SystemRoot%\system32\dmwappushsvc.dll,-200",Windows Service,MEDIUM,0,HKLM\SYSTEM\CurrentControlSet\Services\dmwappushservice,%SystemRoot%\system32\svchost.exe -k netsvcs -p,C:\WINDOWS\system32\svchost.exe,True,LocalSystem (Delayed Auto Start),True,Valid,Microsoft Windows,949bfb5b4c7d58d92f3f9c5f8ec7ca4ceaffd10ec5f0020f0a987c472d61c54b,8ec922c7a58a8701ab481b7be9644536,4.936,False,"Stop-Service -Name ""dmwappushservice"" -Force -ErrorAction SilentlyContinue; Set-Service -Name ""dmwappushservice"" -StartupType Disabled",Timestomping Timestamp Anomaly (MEDIUM)
30c46aff,"Service: @%SystemRoot%\System32\dnsapi.dll,-101",Windows Service,MEDIUM,0,HKLM\SYSTEM\CurrentControlSet\Services\Dnscache,%SystemRoot%\system32\svchost.exe -k NetworkService -p,C:\WINDOWS\system32\svchost.exe,True,NT AUTHORITY\NetworkService (Auto Start),True,Valid,Microsoft Windows,949bfb5b4c7d58d92f3f9c5f8ec7ca4ceaffd10ec5f0020f0a987c472d61c54b,8ec922c7a58a8701ab481b7be9644536,4.936,False,"Stop-Service -Name ""Dnscache"" -Force -ErrorAction SilentlyContinue; Set-Service -Name ""Dnscache"" -StartupType Disabled",Timestomping Timestamp Anomaly (MEDIUM)
0f2e83e3,"Service: @%systemroot%\system32\dosvc.dll,-100",Windows Service,MEDIUM,0,HKLM\SYSTEM\CurrentControlSet\Services\DoSvc,%SystemRoot%\System32\svchost.exe -k NetworkService -p,C:\WINDOWS\System32\svchost.exe,True,NT Authority\NetworkService (Delayed Auto Start),True,Valid,Microsoft Windows,949bfb5b4c7d58d92f3f9c5f8ec7ca4ceaffd10ec5f0020f0a987c472d61c54b,8ec922c7a58a8701ab481b7be9644536,4.936,False,"Stop-Service -Name ""DoSvc"" -Force -ErrorAction SilentlyContinue; Set-Service -Name ""DoSvc"" -StartupType Disabled",Timestomping Timestamp Anomaly (MEDIUM)
0fc97336,"Service: @%systemroot%\system32\dps.dll,-500",Windows Service,MEDIUM,0,HKLM\SYSTEM\CurrentControlSet\Services\DPS,%SystemRoot%\System32\svchost.exe -k LocalServiceNoNetwork -p,C:\WINDOWS\System32\svchost.exe,True,NT AUTHORITY\LocalService (Auto Start),True,Valid,Microsoft Windows,949bfb5b4c7d58d92f3f9c5f8ec7ca4ceaffd10ec5f0020f0a987c472d61c54b,8ec922c7a58a8701ab481b7be9644536,4.936,False,"Stop-Service -Name ""DPS"" -Force -ErrorAction SilentlyContinue; Set-Service -Name ""DPS"" -StartupType Disabled",Timestomping Timestamp Anomaly (MEDIUM)
d531f899,"Service: @oem86.inf,%ServiceDisplayName%;Intel(R) Dynamic Tuning Technology Telemetry Service",Windows Service,MEDIUM,0,HKLM\SYSTEM\CurrentControlSet\Services\dptftcs,%SystemRoot%\System32\DriverStore\FileRepository\dtt_sw.inf_amd64_4dcbabf4df6e73f7\ipfsvc.exe,C:\WINDOWS\System32\DriverStore\FileRepository\dtt_sw.inf_amd64_4dcbabf4df6e73f7\ipfsvc.exe,True,NT Authority\LocalService (Auto Start),True,Valid,Microsoft Windows,2410ad1257bb6ee0997e7d5681d0ff12a243d8c30fb7e745974de06a2b25692f,d96c6ce8d3470663d7f43a70e4ad1e18,6.5217,False,"Stop-Service -Name ""dptftcs"" -Force -ErrorAction SilentlyContinue; Set-Service -Name ""dptftcs"" -StartupType Disabled",Suspicious Injection / Memory APIs (MEDIUM)
320e7e28,"Service: @%SystemRoot%\System32\dusmsvc.dll,-1",Windows Service,MEDIUM,0,HKLM\SYSTEM\CurrentControlSet\Services\DusmSvc,%SystemRoot%\System32\svchost.exe -k LocalServiceNetworkRestricted -p,C:\WINDOWS\System32\svchost.exe,True,NT Authority\LocalService (Auto Start),True,Valid,Microsoft Windows,949bfb5b4c7d58d92f3f9c5f8ec7ca4ceaffd10ec5f0020f0a987c472d61c54b,8ec922c7a58a8701ab481b7be9644536,4.936,False,"Stop-Service -Name ""DusmSvc"" -Force -ErrorAction SilentlyContinue; Set-Service -Name ""DusmSvc"" -StartupType Disabled",Timestomping Timestamp Anomaly (MEDIUM)
8fd285d7,Service: Microsoft Edge Update Service (edgeupdate),Windows Service,MEDIUM,0,HKLM\SYSTEM\CurrentControlSet\Services\edgeupdate,"""C:\Program Files (x86)\Microsoft\EdgeUpdate\MicrosoftEdgeUpdate.exe"" /svc",C:\Program Files (x86)\Microsoft\EdgeUpdate\MicrosoftEdgeUpdate.exe,True,LocalSystem (Delayed Auto Start),True,Valid,"CN=Microsoft Corporation, O=Microsoft Corporation, L=Redmond, S=Washington, C=US",5497dd84321887d18b62fae35689ea4a7d07cad7840853b2bb50bbf7bfac365e,5773a83436600f9cc768c646385af4fe,5.5545,False,"Stop-Service -Name ""edgeupdate"" -Force -ErrorAction SilentlyContinue; Set-Service -Name ""edgeupdate"" -StartupType Disabled",Suspicious Injection / Memory APIs (MEDIUM)
b72f3fce,Service: Microsoft Edge Update Service (edgeupdatem),Windows Service,MEDIUM,0,HKLM\SYSTEM\CurrentControlSet\Services\edgeupdatem,"""C:\Program Files (x86)\Microsoft\EdgeUpdate\MicrosoftEdgeUpdate.exe"" /medsvc",C:\Program Files (x86)\Microsoft\EdgeUpdate\MicrosoftEdgeUpdate.exe,True,LocalSystem (Delayed Auto Start),True,Valid,"CN=Microsoft Corporation, O=Microsoft Corporation, L=Redmond, S=Washington, C=US",5497dd84321887d18b62fae35689ea4a7d07cad7840853b2bb50bbf7bfac365e,5773a83436600f9cc768c646385af4fe,5.5545,False,"Stop-Service -Name ""edgeupdatem"" -Force -ErrorAction SilentlyContinue; Set-Service -Name ""edgeupdatem"" -StartupType Disabled",Suspicious Injection / Memory APIs (MEDIUM)
b51373da,"Service: @%SystemRoot%\system32\wevtsvc.dll,-200",Windows Service,MEDIUM,0,HKLM\SYSTEM\CurrentControlSet\Services\EventLog,%SystemRoot%\System32\svchost.exe -k LocalServiceNetworkRestricted -p,C:\WINDOWS\System32\svchost.exe,True,NT AUTHORITY\LocalService (Auto Start),True,Valid,Microsoft Windows,949bfb5b4c7d58d92f3f9c5f8ec7ca4ceaffd10ec5f0020f0a987c472d61c54b,8ec922c7a58a8701ab481b7be9644536,4.936,False,"Stop-Service -Name ""EventLog"" -Force -ErrorAction SilentlyContinue; Set-Service -Name ""EventLog"" -StartupType Disabled",Timestomping Timestamp Anomaly (MEDIUM)
07c642eb,"Service: @comres.dll,-2450",Windows Service,MEDIUM,0,HKLM\SYSTEM\CurrentControlSet\Services\EventSystem,%SystemRoot%\system32\svchost.exe -k LocalService -p,C:\WINDOWS\system32\svchost.exe,True,NT AUTHORITY\LocalService (Auto Start),True,Valid,Microsoft Windows,949bfb5b4c7d58d92f3f9c5f8ec7ca4ceaffd10ec5f0020f0a987c472d61c54b,8ec922c7a58a8701ab481b7be9644536,4.936,False,"Stop-Service -Name ""EventSystem"" -Force -ErrorAction SilentlyContinue; Set-Service -Name ""EventSystem"" -StartupType Disabled",Timestomping Timestamp Anomaly (MEDIUM)
0046437f,"Service: @%systemroot%\system32\FntCache.dll,-100",Windows Service,MEDIUM,0,HKLM\SYSTEM\CurrentControlSet\Services\FontCache,%SystemRoot%\system32\svchost.exe -k LocalService -p,C:\WINDOWS\system32\svchost.exe,True,NT AUTHORITY\LocalService (Auto Start),True,Valid,Microsoft Windows,949bfb5b4c7d58d92f3f9c5f8ec7ca4ceaffd10ec5f0020f0a987c472d61c54b,8ec922c7a58a8701ab481b7be9644536,4.936,False,"Stop-Service -Name ""FontCache"" -Force -ErrorAction SilentlyContinue; Set-Service -Name ""FontCache"" -StartupType Disabled",Timestomping Timestamp Anomaly (MEDIUM)
0068e64f,Service: GameInput Redist Service,Windows Service,MEDIUM,0,HKLM\SYSTEM\CurrentControlSet\Services\GameInputRedistService,"""C:\Program Files\Microsoft GameInput\x64\GameInputRedistService.exe""",C:\Program Files\Microsoft GameInput\x64\GameInputRedistService.exe,True,LocalSystem (Auto Start),True,Valid,"CN=Microsoft Corporation, O=Microsoft Corporation, L=Redmond, S=Washington, C=US",68806b598b7e2ef40d73dae1b6a54bd797ccdd681d3778c3503f65948d85e9f1,62c4035ef6e0eec8c6e70edd56dc2c82,6.3788,False,"Stop-Service -Name ""GameInputRedistService"" -Force -ErrorAction SilentlyContinue; Set-Service -Name ""GameInputRedistService"" -StartupType Disabled",Suspicious Injection / Memory APIs (MEDIUM)
9830b987,Service: Gaming Services,Windows Service,MEDIUM,0,HKLM\SYSTEM\CurrentControlSet\Services\GamingServices,"""C:\Program Files\WindowsApps\Microsoft.GamingServices_38.116.6003.0_x64__8wekyb3d8bbwe\GamingServices.exe""",C:\Program Files\WindowsApps\Microsoft.GamingServices_38.116.6003.0_x64__8wekyb3d8bbwe\GamingServices.exe,True,LocalSystem (Auto Start),True,Valid,"CN=Microsoft Corporation, O=Microsoft Corporation, L=Redmond, S=Washington, C=US",1ebf3a03350daa7e462c558fc89aa5a04e53f81afb9cc2f09f030fe5a8e5eae6,13bcbe0e9a46ada2fda6fd272a02cf3b,5.3355,False,"Stop-Service -Name ""GamingServices"" -Force -ErrorAction SilentlyContinue; Set-Service -Name ""GamingServices"" -StartupType Disabled",Suspicious Injection / Memory APIs (MEDIUM)
10ab140c,Service: Gaming Services,Windows Service,MEDIUM,0,HKLM\SYSTEM\CurrentControlSet\Services\GamingServicesNet,"""C:\Program Files\WindowsApps\Microsoft.GamingServices_38.116.6003.0_x64__8wekyb3d8bbwe\GamingServicesNet.exe""",C:\Program Files\WindowsApps\Microsoft.GamingServices_38.116.6003.0_x64__8wekyb3d8bbwe\GamingServicesNet.exe,True,NT AUTHORITY\LocalService (Auto Start),True,Valid,"CN=Microsoft Corporation, O=Microsoft Corporation, L=Redmond, S=Washington, C=US",1ebf3a03350daa7e462c558fc89aa5a04e53f81afb9cc2f09f030fe5a8e5eae6,13bcbe0e9a46ada2fda6fd272a02cf3b,5.3355,False,"Stop-Service -Name ""GamingServicesNet"" -Force -ErrorAction SilentlyContinue; Set-Service -Name ""GamingServicesNet"" -StartupType Disabled",Suspicious Injection / Memory APIs (MEDIUM)
b3efe6bd,Service: Google Updater Internal Service (GoogleUpdaterInternalService156.0.8067.0),Windows Service,MEDIUM,0,HKLM\SYSTEM\CurrentControlSet\Services\GoogleUpdaterInternalService156.0.8067.0,"""C:\Program Files (x86)\Google\GoogleUpdater\156.0.8067.0\updater.exe"" --system --windows-service --service=update-internal",C:\Program Files (x86)\Google\GoogleUpdater\156.0.8067.0\updater.exe,True,LocalSystem (Auto Start),True,Valid,"CN=Google LLC, O=Google LLC, L=Mountain View, S=California, C=US, SERIALNUMBER=3582691, OID.2.5.4.15=Private Organization, OID.1.3.6.1.4.1.311.60.2.1.2=Delaware, OID.1.3.6.1.4.1.311.60.2.1.3=US",7c1d5a7c67116734619b3a1a05ca1d2777c83256e2a1bb2fdfbcfac4d0178b44,84b209c8e5948c4e11c20aedeb5d5756,6.6191,False,"Stop-Service -Name ""GoogleUpdaterInternalService156.0.8067.0"" -Force -ErrorAction SilentlyContinue; Set-Service -Name ""GoogleUpdaterInternalService156.0.8067.0"" -StartupType Disabled",Suspicious Injection / Memory APIs (MEDIUM)
f46afce5,Service: Google Updater Service (GoogleUpdaterService156.0.8067.0),Windows Service,MEDIUM,0,HKLM\SYSTEM\CurrentControlSet\Services\GoogleUpdaterService156.0.8067.0,"""C:\Program Files (x86)\Google\GoogleUpdater\156.0.8067.0\updater.exe"" --system --windows-service --service=update",C:\Program Files (x86)\Google\GoogleUpdater\156.0.8067.0\updater.exe,True,LocalSystem (Auto Start),True,Valid,"CN=Google LLC, O=Google LLC, L=Mountain View, S=California, C=US, SERIALNUMBER=3582691, OID.2.5.4.15=Private Organization, OID.1.3.6.1.4.1.311.60.2.1.2=Delaware, OID.1.3.6.1.4.1.311.60.2.1.3=US",7c1d5a7c67116734619b3a1a05ca1d2777c83256e2a1bb2fdfbcfac4d0178b44,84b209c8e5948c4e11c20aedeb5d5756,6.6191,False,"Stop-Service -Name ""GoogleUpdaterService156.0.8067.0"" -Force -ErrorAction SilentlyContinue; Set-Service -Name ""GoogleUpdaterService156.0.8067.0"" -StartupType Disabled",Suspicious Injection / Memory APIs (MEDIUM)
9fee4e88,"Service: @gpapi.dll,-112",Windows Service,MEDIUM,0,HKLM\SYSTEM\CurrentControlSet\Services\gpsvc,%systemroot%\system32\svchost.exe -k netsvcs -p,C:\WINDOWS\system32\svchost.exe,True,LocalSystem (Auto Start),True,Valid,Microsoft Windows,949bfb5b4c7d58d92f3f9c5f8ec7ca4ceaffd10ec5f0020f0a987c472d61c54b,8ec922c7a58a8701ab481b7be9644536,4.936,False,"Stop-Service -Name ""gpsvc"" -Force -ErrorAction SilentlyContinue; Set-Service -Name ""gpsvc"" -StartupType Disabled",Timestomping Timestamp Anomaly (MEDIUM)
d9a80e37,Service: HP SI Service,Windows Service,MEDIUM,0,HKLM\SYSTEM\CurrentControlSet\Services\HPSIService,C:\Windows\system32\HPSIsvc.exe,C:\Windows\system32\HPSIsvc.exe,True,LocalSystem (Auto Start),True,Valid,Microsoft Windows,f0be14b0811c127e7ceeb5a627dce233ddf7b31da86694f423d126b87faa883b,4310c3519aed60a30298b8eda9d7d9f3,6.047,False,"Stop-Service -Name ""HPSIService"" -Force -ErrorAction SilentlyContinue; Set-Service -Name ""HPSIService"" -StartupType Disabled",Suspicious Injection / Memory APIs (MEDIUM)
118d9e31,"Service: @%SystemRoot%\system32\ikeext.dll,-501",Windows Service,MEDIUM,0,HKLM\SYSTEM\CurrentControlSet\Services\IKEEXT,%systemroot%\system32\svchost.exe -k netsvcs -p,C:\WINDOWS\system32\svchost.exe,True,LocalSystem (Auto Start),True,Valid,Microsoft Windows,949bfb5b4c7d58d92f3f9c5f8ec7ca4ceaffd10ec5f0020f0a987c472d61c54b,8ec922c7a58a8701ab481b7be9644536,4.936,False,"Stop-Service -Name ""IKEEXT"" -Force -ErrorAction SilentlyContinue; Set-Service -Name ""IKEEXT"" -StartupType Disabled",Timestomping Timestamp Anomaly (MEDIUM)
9daf09d1,"Service: @oem126.inf,%PlatformLicenseManagerServiceName%;Intel(R) Platform License Manager Service",Windows Service,MEDIUM,0,HKLM\SYSTEM\CurrentControlSet\Services\Intel(R) Platform License Manager Service,%SystemRoot%\System32\DriverStore\FileRepository\iclsclient.inf_amd64_c25dbc60ad3b371a\lib\PlatformLicenseManagerService.exe,C:\WINDOWS\System32\DriverStore\FileRepository\iclsclient.inf_amd64_c25dbc60ad3b371a\lib\PlatformLicenseManagerService.exe,True,LocalSystem (Auto Start),True,Valid,Microsoft Windows,4e6de9a5b40e0d6ff67413d46add40b0b079e18b618825760919ace6bdf89fcd,4217a08adc84a0a2120ae627cd6c0aa2,6.0525,False,"Stop-Service -Name ""Intel(R) Platform License Manager Service"" -Force -ErrorAction SilentlyContinue; Set-Service -Name ""Intel(R) Platform License Manager Service"" -StartupType Disabled",Suspicious Injection / Memory APIs (MEDIUM)
89c5a5e7,Service: Intel(R) Audio Service,Windows Service,CLEAN,0,HKLM\SYSTEM\CurrentControlSet\Services\IntelAudioService,%SystemRoot%\System32\DriverStore\FileRepository\intcoed.inf_amd64_fa928718b2f309e5\AS\IAS\IntelAudioService.exe,C:\WINDOWS\System32\DriverStore\FileRepository\intcoed.inf_amd64_fa928718b2f309e5\AS\IAS\IntelAudioService.exe,True,LocalSystem (Auto Start),True,Valid,Microsoft Windows,ff7b47c3baee3787d0d519aeccb5a82b8d8ec4048dbef6db94bf1bc687b1bd3d,b549031adec21658b7f77b0cb97c82a8,5.7819,False,"Stop-Service -Name ""IntelAudioService"" -Force -ErrorAction SilentlyContinue; Set-Service -Name ""IntelAudioService"" -StartupType Disabled",
13771fd9,"Service: @oem126.inf,%ServiceDisplayName%;Intel(R) Innovation Platform Framework Service",Windows Service,MEDIUM,0,HKLM\SYSTEM\CurrentControlSet\Services\ipfsvc,%SystemRoot%\System32\DriverStore\FileRepository\ipf_cpu.inf_amd64_5fe37e024ff302b0\ipf_uf.exe,C:\WINDOWS\System32\DriverStore\FileRepository\ipf_cpu.inf_amd64_5fe37e024ff302b0\ipf_uf.exe,True,LocalSystem (Auto Start),True,Valid,Microsoft Windows,fe1e74b5d10ef0ab93d638ea990064407103546a3e69dc0510f94775c4bbe42b,4dd8ed732bf8d3eb4625cbeccfd15147,6.3549,False,"Stop-Service -Name ""ipfsvc"" -Force -ErrorAction SilentlyContinue; Set-Service -Name ""ipfsvc"" -StartupType Disabled",Suspicious Injection / Memory APIs (MEDIUM)
c53d821a,"Service: @%SystemRoot%\system32\iphlpsvc.dll,-500",Windows Service,MEDIUM,0,HKLM\SYSTEM\CurrentControlSet\Services\iphlpsvc,%SystemRoot%\System32\svchost.exe -k NetSvcs -p,C:\WINDOWS\System32\svchost.exe,True,LocalSystem (Auto Start),True,Valid,Microsoft Windows,949bfb5b4c7d58d92f3f9c5f8ec7ca4ceaffd10ec5f0020f0a987c472d61c54b,8ec922c7a58a8701ab481b7be9644536,4.936,False,"Stop-Service -Name ""iphlpsvc"" -Force -ErrorAction SilentlyContinue; Set-Service -Name ""iphlpsvc"" -StartupType Disabled",Timestomping Timestamp Anomaly (MEDIUM)
3c1ff6d6,Service: Intel(R) Dynamic Application Loader Host Interface Service,Windows Service,MEDIUM,0,HKLM\SYSTEM\CurrentControlSet\Services\jhi_service,%SystemRoot%\System32\DriverStore\FileRepository\dal.inf_amd64_8a3f88e34f6b8385\jhi_service.exe,C:\WINDOWS\System32\DriverStore\FileRepository\dal.inf_amd64_8a3f88e34f6b8385\jhi_service.exe,True,LocalSystem (Auto Start),True,Valid,Microsoft Windows,3a927d6b43121450a05c2a107e74ca797fac04ef7d62482770d1b101ee29c117,aa60e56d61cd48ce89b04e15e92c863d,6.4146,False,"Stop-Service -Name ""jhi_service"" -Force -ErrorAction SilentlyContinue; Set-Service -Name ""jhi_service"" -StartupType Disabled",Suspicious Injection / Memory APIs (MEDIUM)
beac22bd,"Service: @%systemroot%\system32\srvsvc.dll,-100",Windows Service,MEDIUM,0,HKLM\SYSTEM\CurrentControlSet\Services\LanmanServer,%SystemRoot%\system32\svchost.exe -k netsvcs -p,C:\WINDOWS\system32\svchost.exe,True,LocalSystem (Auto Start),True,Valid,Microsoft Windows,949bfb5b4c7d58d92f3f9c5f8ec7ca4ceaffd10ec5f0020f0a987c472d61c54b,8ec922c7a58a8701ab481b7be9644536,4.936,False,"Stop-Service -Name ""LanmanServer"" -Force -ErrorAction SilentlyContinue; Set-Service -Name ""LanmanServer"" -StartupType Disabled",Timestomping Timestamp Anomaly (MEDIUM)
ffe650f2,"Service: @%systemroot%\system32\wkssvc.dll,-100",Windows Service,MEDIUM,0,HKLM\SYSTEM\CurrentControlSet\Services\LanmanWorkstation,%SystemRoot%\System32\svchost.exe -k NetworkService -p,C:\WINDOWS\System32\svchost.exe,True,NT AUTHORITY\NetworkService (Auto Start),True,Valid,Microsoft Windows,949bfb5b4c7d58d92f3f9c5f8ec7ca4ceaffd10ec5f0020f0a987c472d61c54b,8ec922c7a58a8701ab481b7be9644536,4.936,False,"Stop-Service -Name ""LanmanWorkstation"" -Force -ErrorAction SilentlyContinue; Set-Service -Name ""LanmanWorkstation"" -StartupType Disabled",Timestomping Timestamp Anomaly (MEDIUM)
269984aa,"Service: @%windir%\system32\lsm.dll,-1001",Windows Service,MEDIUM,0,HKLM\SYSTEM\CurrentControlSet\Services\LSM,%SystemRoot%\system32\svchost.exe -k DcomLaunch -p,C:\WINDOWS\system32\svchost.exe,True,LocalSystem (Auto Start),True,Valid,Microsoft Windows,949bfb5b4c7d58d92f3f9c5f8ec7ca4ceaffd10ec5f0020f0a987c472d61c54b,8ec922c7a58a8701ab481b7be9644536,4.936,False,"Stop-Service -Name ""LSM"" -Force -ErrorAction SilentlyContinue; Set-Service -Name ""LSM"" -StartupType Disabled",Timestomping Timestamp Anomaly (MEDIUM)
7f9844b9,"Service: @%SystemRoot%\System32\moshost.dll,-100",Windows Service,MEDIUM,0,HKLM\SYSTEM\CurrentControlSet\Services\MapsBroker,%SystemRoot%\System32\svchost.exe -k NetworkService -p,C:\WINDOWS\System32\svchost.exe,True,NT AUTHORITY\NetworkService (Delayed Auto Start),True,Valid,Microsoft Windows,949bfb5b4c7d58d92f3f9c5f8ec7ca4ceaffd10ec5f0020f0a987c472d61c54b,8ec922c7a58a8701ab481b7be9644536,4.936,False,"Stop-Service -Name ""MapsBroker"" -Force -ErrorAction SilentlyContinue; Set-Service -Name ""MapsBroker"" -StartupType Disabled",Timestomping Timestamp Anomaly (MEDIUM)
c582672a,"Service: @%SystemRoot%\system32\FirewallAPI.dll,-23090",Windows Service,MEDIUM,0,HKLM\SYSTEM\CurrentControlSet\Services\mpssvc,%SystemRoot%\system32\svchost.exe -k LocalServiceNoNetworkFirewall -p,C:\WINDOWS\system32\svchost.exe,True,NT Authority\LocalService (Auto Start),True,Valid,Microsoft Windows,949bfb5b4c7d58d92f3f9c5f8ec7ca4ceaffd10ec5f0020f0a987c472d61c54b,8ec922c7a58a8701ab481b7be9644536,4.936,False,"Stop-Service -Name ""mpssvc"" -Force -ErrorAction SilentlyContinue; Set-Service -Name ""mpssvc"" -StartupType Disabled",Timestomping Timestamp Anomaly (MEDIUM)
3dbd3915,"Service: @%SystemRoot%\system32\nsisvc.dll,-200",Windows Service,MEDIUM,0,HKLM\SYSTEM\CurrentControlSet\Services\nsi,%systemroot%\system32\svchost.exe -k LocalService -p,C:\WINDOWS\system32\svchost.exe,True,NT Authority\LocalService (Auto Start),True,Valid,Microsoft Windows,949bfb5b4c7d58d92f3f9c5f8ec7ca4ceaffd10ec5f0020f0a987c472d61c54b,8ec922c7a58a8701ab481b7be9644536,4.936,False,"Stop-Service -Name ""nsi"" -Force -ErrorAction SilentlyContinue; Set-Service -Name ""nsi"" -StartupType Disabled",Timestomping Timestamp Anomaly (MEDIUM)
d12ba517,"Service: @%SystemRoot%\system32\APHostRes.dll,-10002",Windows Service,MEDIUM,0,HKLM\SYSTEM\CurrentControlSet\Services\OneSyncSvc,%SystemRoot%\system32\svchost.exe -k UnistackSvcGroup,C:\WINDOWS\system32\svchost.exe,True,LocalSystem (Delayed Auto Start),True,Valid,Microsoft Windows,949bfb5b4c7d58d92f3f9c5f8ec7ca4ceaffd10ec5f0020f0a987c472d61c54b,8ec922c7a58a8701ab481b7be9644536,4.936,False,"Stop-Service -Name ""OneSyncSvc"" -Force -ErrorAction SilentlyContinue; Set-Service -Name ""OneSyncSvc"" -StartupType Disabled",Timestomping Timestamp Anomaly (MEDIUM)
028f347f,Service: Sync Host_82433f75,Windows Service,MEDIUM,0,HKLM\SYSTEM\CurrentControlSet\Services\OneSyncSvc_82433f75,C:\WINDOWS\system32\svchost.exe -k UnistackSvcGroup,C:\WINDOWS\system32\svchost.exe,True,LocalSystem (Auto Start),True,Valid,Microsoft Windows,949bfb5b4c7d58d92f3f9c5f8ec7ca4ceaffd10ec5f0020f0a987c472d61c54b,8ec922c7a58a8701ab481b7be9644536,4.936,False,"Stop-Service -Name ""OneSyncSvc_82433f75"" -Force -ErrorAction SilentlyContinue; Set-Service -Name ""OneSyncSvc_82433f75"" -StartupType Disabled",Timestomping Timestamp Anomaly (MEDIUM)
f2083070,Service: Sync Host_825522ed,Windows Service,MEDIUM,0,HKLM\SYSTEM\CurrentControlSet\Services\OneSyncSvc_825522ed,C:\WINDOWS\system32\svchost.exe -k UnistackSvcGroup,C:\WINDOWS\system32\svchost.exe,True,LocalSystem (Auto Start),True,Valid,Microsoft Windows,949bfb5b4c7d58d92f3f9c5f8ec7ca4ceaffd10ec5f0020f0a987c472d61c54b,8ec922c7a58a8701ab481b7be9644536,4.936,False,"Stop-Service -Name ""OneSyncSvc_825522ed"" -Force -ErrorAction SilentlyContinue; Set-Service -Name ""OneSyncSvc_825522ed"" -StartupType Disabled",Timestomping Timestamp Anomaly (MEDIUM)
2d6afb38,"Service: @%SystemRoot%\system32\pcasvc.dll,-1",Windows Service,MEDIUM,0,HKLM\SYSTEM\CurrentControlSet\Services\PcaSvc,%systemroot%\system32\svchost.exe -k LocalSystemNetworkRestricted -p,C:\WINDOWS\system32\svchost.exe,True,LocalSystem (Delayed Auto Start),True,Valid,Microsoft Windows,949bfb5b4c7d58d92f3f9c5f8ec7ca4ceaffd10ec5f0020f0a987c472d61c54b,8ec922c7a58a8701ab481b7be9644536,4.936,False,"Stop-Service -Name ""PcaSvc"" -Force -ErrorAction SilentlyContinue; Set-Service -Name ""PcaSvc"" -StartupType Disabled",Timestomping Timestamp Anomaly (MEDIUM)
6b641869,"Service: @%SystemRoot%\system32\umpo.dll,-100",Windows Service,MEDIUM,0,HKLM\SYSTEM\CurrentControlSet\Services\Power,%SystemRoot%\system32\svchost.exe -k DcomLaunch -p,C:\WINDOWS\system32\svchost.exe,True,LocalSystem (Auto Start),True,Valid,Microsoft Windows,949bfb5b4c7d58d92f3f9c5f8ec7ca4ceaffd10ec5f0020f0a987c472d61c54b,8ec922c7a58a8701ab481b7be9644536,4.936,False,"Stop-Service -Name ""Power"" -Force -ErrorAction SilentlyContinue; Set-Service -Name ""Power"" -StartupType Disabled",Timestomping Timestamp Anomaly (MEDIUM)
682eb681,"Service: @%systemroot%\system32\profsvc.dll,-300",Windows Service,MEDIUM,0,HKLM\SYSTEM\CurrentControlSet\Services\ProfSvc,%systemroot%\system32\svchost.exe -k UserProfileService -p,C:\WINDOWS\system32\svchost.exe,True,LocalSystem (Auto Start),True,Valid,Microsoft Windows,949bfb5b4c7d58d92f3f9c5f8ec7ca4ceaffd10ec5f0020f0a987c472d61c54b,8ec922c7a58a8701ab481b7be9644536,4.936,False,"Stop-Service -Name ""ProfSvc"" -Force -ErrorAction SilentlyContinue; Set-Service -Name ""ProfSvc"" -StartupType Disabled",Timestomping Timestamp Anomaly (MEDIUM)
14a25b2d,Service: Rivet AP Selector Service,Windows Service,CLEAN,0,HKLM\SYSTEM\CurrentControlSet\Services\RAPSService,"""C:\Program Files\Rivet Networks\SmartByte\RAPSService.exe""",C:\Program Files\Rivet Networks\SmartByte\RAPSService.exe,True,LocalSystem (Auto Start),False,NotSigned,,0781631283d119603714dfcf52467c84f26ac027cfedf8b8cca14d9ae81a16fa,efb3ae4bfbf202bdf3278cd7897a35f4,5.779,False,"Stop-Service -Name ""RAPSService"" -Force -ErrorAction SilentlyContinue; Set-Service -Name ""RAPSService"" -StartupType Disabled",
b38cad61,"Service: @%windir%\system32\RpcEpMap.dll,-1001",Windows Service,MEDIUM,0,HKLM\SYSTEM\CurrentControlSet\Services\RpcEptMapper,%SystemRoot%\system32\svchost.exe -k RPCSS -p,C:\WINDOWS\system32\svchost.exe,True,NT AUTHORITY\NetworkService (Auto Start),True,Valid,Microsoft Windows,949bfb5b4c7d58d92f3f9c5f8ec7ca4ceaffd10ec5f0020f0a987c472d61c54b,8ec922c7a58a8701ab481b7be9644536,4.936,False,"Stop-Service -Name ""RpcEptMapper"" -Force -ErrorAction SilentlyContinue; Set-Service -Name ""RpcEptMapper"" -StartupType Disabled",Timestomping Timestamp Anomaly (MEDIUM)
eca542ce,"Service: @combase.dll,-5010",Windows Service,MEDIUM,0,HKLM\SYSTEM\CurrentControlSet\Services\RpcSs,%SystemRoot%\system32\svchost.exe -k rpcss -p,C:\WINDOWS\system32\svchost.exe,True,NT AUTHORITY\NetworkService (Auto Start),True,Valid,Microsoft Windows,949bfb5b4c7d58d92f3f9c5f8ec7ca4ceaffd10ec5f0020f0a987c472d61c54b,8ec922c7a58a8701ab481b7be9644536,4.936,False,"Stop-Service -Name ""RpcSs"" -Force -ErrorAction SilentlyContinue; Set-Service -Name ""RpcSs"" -StartupType Disabled",Timestomping Timestamp Anomaly (MEDIUM)
78ef0821,"Service: @oem318.inf,%RstMwService.ServiceName%;Intel(R) Storage Middleware Service",Windows Service,MEDIUM,0,HKLM\SYSTEM\CurrentControlSet\Services\RstMwService,%SystemRoot%\System32\DriverStore\FileRepository\iastorvd.inf_amd64_dca58e6fa5e6b1d9\RstMwService.exe,C:\WINDOWS\System32\DriverStore\FileRepository\iastorvd.inf_amd64_dca58e6fa5e6b1d9\RstMwService.exe,True,LocalSystem (Auto Start),True,Valid,Microsoft Windows,1806325d4f6fe1aa4f98963093c31dbd828c819f2a440ce31ae4b17ee2a67a41,239bf487b83aff048f99a767f40fa8ac,6.2836,False,"Stop-Service -Name ""RstMwService"" -Force -ErrorAction SilentlyContinue; Set-Service -Name ""RstMwService"" -StartupType Disabled",Suspicious Injection / Memory APIs (MEDIUM)
88c02372,Service: Realtek Audio Universal Service,Windows Service,MEDIUM,0,HKLM\SYSTEM\CurrentControlSet\Services\RtkAudioUniversalService,%SystemRoot%\System32\DriverStore\FileRepository\realtekservice.inf_amd64_d4e2f40b8460b254\RtkAudUService64.exe,C:\WINDOWS\System32\DriverStore\FileRepository\realtekservice.inf_amd64_d4e2f40b8460b254\RtkAudUService64.exe,True,LocalSystem (Auto Start),True,Valid,Microsoft Windows,c546b224a6281614ccd0d9bc66d6a2802b3c43fa5385727f1e5f51f3bd1760bb,ff43d7fef5d8cacd389b017eaa223382,6.3825,False,"Stop-Service -Name ""RtkAudioUniversalService"" -Force -ErrorAction SilentlyContinue; Set-Service -Name ""RtkAudioUniversalService"" -StartupType Disabled",Suspicious Injection / Memory APIs (MEDIUM)
2d2f5834,"Service: @%SystemRoot%\system32\samsrv.dll,-1",Windows Service,MEDIUM,0,HKLM\SYSTEM\CurrentControlSet\Services\SamSs,%SystemRoot%\system32\lsass.exe,C:\WINDOWS\system32\lsass.exe,True,LocalSystem (Auto Start),True,Valid,Microsoft Windows,deee49f049fc8b075d413c1f5a8c4fc2295f00fb2b958b888e4aa3f925e6af3a,448913b375b9f6603aab9e6d5f627e36,4.7723,False,"Stop-Service -Name ""SamSs"" -Force -ErrorAction SilentlyContinue; Set-Service -Name ""SamSs"" -StartupType Disabled",Timestomping Timestamp Anomaly (MEDIUM)
bb916f55,"Service: @%SystemRoot%\system32\schedsvc.dll,-100",Windows Service,MEDIUM,0,HKLM\SYSTEM\CurrentControlSet\Services\Schedule,%systemroot%\system32\svchost.exe -k netsvcs -p,C:\WINDOWS\system32\svchost.exe,True,LocalSystem (Auto Start),True,Valid,Microsoft Windows,949bfb5b4c7d58d92f3f9c5f8ec7ca4ceaffd10ec5f0020f0a987c472d61c54b,8ec922c7a58a8701ab481b7be9644536,4.936,False,"Stop-Service -Name ""Schedule"" -Force -ErrorAction SilentlyContinue; Set-Service -Name ""Schedule"" -StartupType Disabled",Timestomping Timestamp Anomaly (MEDIUM)
9fbe977b,"Service: @%SystemRoot%\system32\Sens.dll,-200",Windows Service,MEDIUM,0,HKLM\SYSTEM\CurrentControlSet\Services\SENS,%SystemRoot%\system32\svchost.exe -k netsvcs -p,C:\WINDOWS\system32\svchost.exe,True,LocalSystem (Auto Start),True,Valid,Microsoft Windows,949bfb5b4c7d58d92f3f9c5f8ec7ca4ceaffd10ec5f0020f0a987c472d61c54b,8ec922c7a58a8701ab481b7be9644536,4.936,False,"Stop-Service -Name ""SENS"" -Force -ErrorAction SilentlyContinue; Set-Service -Name ""SENS"" -StartupType Disabled",Timestomping Timestamp Anomaly (MEDIUM)
96d4ed0a,"Service: @oem288.inf,%SessionDetection%;Session Detection",Windows Service,MEDIUM,0,HKLM\SYSTEM\CurrentControlSet\Services\SessionSvc,%SystemRoot%\System32\DriverStore\FileRepository\goodixmocusb.inf_amd64_3081296e0d738dfe\GoodixSessionService.exe,C:\WINDOWS\System32\DriverStore\FileRepository\goodixmocusb.inf_amd64_3081296e0d738dfe\GoodixSessionService.exe,True,LocalSystem (Auto Start),True,Valid,Microsoft Windows,d914319995711fd3789bfe63a8c693952bc3db04522c33be641f5ed2c93e2a0c,be98b9ad09fc9f926e26cb77d5f9567b,6.7251,False,"Stop-Service -Name ""SessionSvc"" -Force -ErrorAction SilentlyContinue; Set-Service -Name ""SessionSvc"" -StartupType Disabled",Suspicious Injection / Memory APIs (MEDIUM)
2965a0b8,"Service: @%SystemRoot%\System32\shsvcs.dll,-12288",Windows Service,MEDIUM,0,HKLM\SYSTEM\CurrentControlSet\Services\ShellHWDetection,%SystemRoot%\System32\svchost.exe -k netsvcs -p,C:\WINDOWS\System32\svchost.exe,True,LocalSystem (Auto Start),True,Valid,Microsoft Windows,949bfb5b4c7d58d92f3f9c5f8ec7ca4ceaffd10ec5f0020f0a987c472d61c54b,8ec922c7a58a8701ab481b7be9644536,4.936,False,"Stop-Service -Name ""ShellHWDetection"" -Force -ErrorAction SilentlyContinue; Set-Service -Name ""ShellHWDetection"" -StartupType Disabled",Timestomping Timestamp Anomaly (MEDIUM)
f1fe3d89,"Service: @%SystemRoot%\system32\windows.staterepository.dll,-1",Windows Service,MEDIUM,0,HKLM\SYSTEM\CurrentControlSet\Services\StateRepository,%SystemRoot%\system32\svchost.exe -k appmodel -p,C:\WINDOWS\system32\svchost.exe,True,LocalSystem (Auto Start),True,Valid,Microsoft Windows,949bfb5b4c7d58d92f3f9c5f8ec7ca4ceaffd10ec5f0020f0a987c472d61c54b,8ec922c7a58a8701ab481b7be9644536,4.936,False,"Stop-Service -Name ""StateRepository"" -Force -ErrorAction SilentlyContinue; Set-Service -Name ""StateRepository"" -StartupType Disabled",Timestomping Timestamp Anomaly (MEDIUM)
3c82f8ab,"Service: @%SystemRoot%\system32\wiaservc.dll,-9",Windows Service,MEDIUM,0,HKLM\SYSTEM\CurrentControlSet\Services\StiSvc,%SystemRoot%\system32\svchost.exe -k imgsvc,C:\WINDOWS\system32\svchost.exe,True,NT Authority\LocalService (Auto Start),True,Valid,Microsoft Windows,949bfb5b4c7d58d92f3f9c5f8ec7ca4ceaffd10ec5f0020f0a987c472d61c54b,8ec922c7a58a8701ab481b7be9644536,4.936,False,"Stop-Service -Name ""StiSvc"" -Force -ErrorAction SilentlyContinue; Set-Service -Name ""StiSvc"" -StartupType Disabled",Timestomping Timestamp Anomaly (MEDIUM)
cfd9a1e4,"Service: @%SystemRoot%\System32\StorSvc.dll,-100",Windows Service,MEDIUM,0,HKLM\SYSTEM\CurrentControlSet\Services\StorSvc,%SystemRoot%\System32\svchost.exe -k LocalSystemNetworkRestricted -p,C:\WINDOWS\System32\svchost.exe,True,LocalSystem (Delayed Auto Start),True,Valid,Microsoft Windows,949bfb5b4c7d58d92f3f9c5f8ec7ca4ceaffd10ec5f0020f0a987c472d61c54b,8ec922c7a58a8701ab481b7be9644536,4.936,False,"Stop-Service -Name ""StorSvc"" -Force -ErrorAction SilentlyContinue; Set-Service -Name ""StorSvc"" -StartupType Disabled",Timestomping Timestamp Anomaly (MEDIUM)
433c4ce2,"Service: @%SystemRoot%\system32\sysmain.dll,-1000",Windows Service,MEDIUM,0,HKLM\SYSTEM\CurrentControlSet\Services\SysMain,%systemroot%\system32\svchost.exe -k LocalSystemNetworkRestricted -p,C:\WINDOWS\system32\svchost.exe,True,LocalSystem (Auto Start),True,Valid,Microsoft Windows,949bfb5b4c7d58d92f3f9c5f8ec7ca4ceaffd10ec5f0020f0a987c472d61c54b,8ec922c7a58a8701ab481b7be9644536,4.936,False,"Stop-Service -Name ""SysMain"" -Force -ErrorAction SilentlyContinue; Set-Service -Name ""SysMain"" -StartupType Disabled",Timestomping Timestamp Anomaly (MEDIUM)
0e9f6f27,"Service: @%windir%\system32\SystemEventsBrokerServer.dll,-1001",Windows Service,MEDIUM,0,HKLM\SYSTEM\CurrentControlSet\Services\SystemEventsBroker,%SystemRoot%\system32\svchost.exe -k DcomLaunch -p,C:\WINDOWS\system32\svchost.exe,True,LocalSystem (Auto Start),True,Valid,Microsoft Windows,949bfb5b4c7d58d92f3f9c5f8ec7ca4ceaffd10ec5f0020f0a987c472d61c54b,8ec922c7a58a8701ab481b7be9644536,4.936,False,"Stop-Service -Name ""SystemEventsBroker"" -Force -ErrorAction SilentlyContinue; Set-Service -Name ""SystemEventsBroker"" -StartupType Disabled",Timestomping Timestamp Anomaly (MEDIUM)
39357499,"Service: @%SystemRoot%\system32\TabSvc.dll,-100",Windows Service,MEDIUM,0,HKLM\SYSTEM\CurrentControlSet\Services\TextInputManagementService,%SystemRoot%\System32\svchost.exe -k LocalSystemNetworkRestricted -p,C:\WINDOWS\System32\svchost.exe,True,LocalSystem (Auto Start),True,Valid,Microsoft Windows,949bfb5b4c7d58d92f3f9c5f8ec7ca4ceaffd10ec5f0020f0a987c472d61c54b,8ec922c7a58a8701ab481b7be9644536,4.936,False,"Stop-Service -Name ""TextInputManagementService"" -Force -ErrorAction SilentlyContinue; Set-Service -Name ""TextInputManagementService"" -StartupType Disabled",Timestomping Timestamp Anomaly (MEDIUM)
2a021d3d,"Service: @%SystemRoot%\System32\themeservice.dll,-8192",Windows Service,MEDIUM,0,HKLM\SYSTEM\CurrentControlSet\Services\Themes,%SystemRoot%\System32\svchost.exe -k netsvcs -p,C:\WINDOWS\System32\svchost.exe,True,LocalSystem (Auto Start),True,Valid,Microsoft Windows,949bfb5b4c7d58d92f3f9c5f8ec7ca4ceaffd10ec5f0020f0a987c472d61c54b,8ec922c7a58a8701ab481b7be9644536,4.936,False,"Stop-Service -Name ""Themes"" -Force -ErrorAction SilentlyContinue; Set-Service -Name ""Themes"" -StartupType Disabled",Timestomping Timestamp Anomaly (MEDIUM)
000562e1,"Service: @%SystemRoot%\system32\trkwks.dll,-1",Windows Service,MEDIUM,0,HKLM\SYSTEM\CurrentControlSet\Services\TrkWks,%SystemRoot%\System32\svchost.exe -k LocalSystemNetworkRestricted -p,C:\WINDOWS\System32\svchost.exe,True,LocalSystem (Auto Start),True,Valid,Microsoft Windows,949bfb5b4c7d58d92f3f9c5f8ec7ca4ceaffd10ec5f0020f0a987c472d61c54b,8ec922c7a58a8701ab481b7be9644536,4.936,False,"Stop-Service -Name ""TrkWks"" -Force -ErrorAction SilentlyContinue; Set-Service -Name ""TrkWks"" -StartupType Disabled",Timestomping Timestamp Anomaly (MEDIUM)
bab5b653,"Service: @%systemroot%\system32\usermgr.dll,-100",Windows Service,MEDIUM,0,HKLM\SYSTEM\CurrentControlSet\Services\UserManager,%SystemRoot%\system32\svchost.exe -k netsvcs -p,C:\WINDOWS\system32\svchost.exe,True,LocalSystem (Auto Start),True,Valid,Microsoft Windows,949bfb5b4c7d58d92f3f9c5f8ec7ca4ceaffd10ec5f0020f0a987c472d61c54b,8ec922c7a58a8701ab481b7be9644536,4.936,False,"Stop-Service -Name ""UserManager"" -Force -ErrorAction SilentlyContinue; Set-Service -Name ""UserManager"" -StartupType Disabled",Timestomping Timestamp Anomaly (MEDIUM)
9be4c68f,"Service: @%systemroot%\system32\usosvc.dll,-101",Windows Service,MEDIUM,0,HKLM\SYSTEM\CurrentControlSet\Services\UsoSvc,%systemroot%\system32\svchost.exe -k netsvcs -p,C:\WINDOWS\system32\svchost.exe,True,LocalSystem (Delayed Auto Start),True,Valid,Microsoft Windows,949bfb5b4c7d58d92f3f9c5f8ec7ca4ceaffd10ec5f0020f0a987c472d61c54b,8ec922c7a58a8701ab481b7be9644536,4.936,False,"Stop-Service -Name ""UsoSvc"" -Force -ErrorAction SilentlyContinue; Set-Service -Name ""UsoSvc"" -StartupType Disabled",Timestomping Timestamp Anomaly (MEDIUM)
e6314a0f,"Service: @%SystemRoot%\system32\w32time.dll,-200",Windows Service,MEDIUM,0,HKLM\SYSTEM\CurrentControlSet\Services\W32Time,%SystemRoot%\system32\svchost.exe -k LocalService,C:\WINDOWS\system32\svchost.exe,True,NT AUTHORITY\LocalService (Delayed Auto Start),True,Valid,Microsoft Windows,949bfb5b4c7d58d92f3f9c5f8ec7ca4ceaffd10ec5f0020f0a987c472d61c54b,8ec922c7a58a8701ab481b7be9644536,4.936,False,"Stop-Service -Name ""W32Time"" -Force -ErrorAction SilentlyContinue; Set-Service -Name ""W32Time"" -StartupType Disabled",Timestomping Timestamp Anomaly (MEDIUM)
7befe015,Service: Waves Audio Universal Services,Windows Service,MEDIUM,0,HKLM\SYSTEM\CurrentControlSet\Services\WavesAudioService,%SystemRoot%\System32\DriverStore\FileRepository\wavesapo11de.inf_amd64_e15679d83424f9c1\WavesAudioService.exe,C:\WINDOWS\System32\DriverStore\FileRepository\wavesapo11de.inf_amd64_e15679d83424f9c1\WavesAudioService.exe,True,LocalSystem (Auto Start),True,Valid,Microsoft Windows,7acba9caee43e4a3fb5176d0694e0af9a4ee841d8579ed0acb16cd6d252ff796,fa39bd48e048d09e8e67fef3af569d28,4.1388,False,"Stop-Service -Name ""WavesAudioService"" -Force -ErrorAction SilentlyContinue; Set-Service -Name ""WavesAudioService"" -StartupType Disabled",Timestomping Timestamp Anomaly (MEDIUM)
a2bb6b45,Service: Waves Audio Services,Windows Service,MEDIUM,0,HKLM\SYSTEM\CurrentControlSet\Services\WavesSysSvc,%SystemRoot%\System32\DriverStore\FileRepository\wavesapo11de.inf_amd64_e15679d83424f9c1\WavesSysSvc64.exe,C:\WINDOWS\System32\DriverStore\FileRepository\wavesapo11de.inf_amd64_e15679d83424f9c1\WavesSysSvc64.exe,True,LocalSystem (Auto Start),True,Valid,Microsoft Windows,fb0221bc302393959a5cbe8c227020eb416b24e4181fbc529885f4731fad4e8b,d139e8c884732dddb4e56eaa252e2017,6.1927,False,"Stop-Service -Name ""WavesSysSvc"" -Force -ErrorAction SilentlyContinue; Set-Service -Name ""WavesSysSvc"" -StartupType Disabled",Suspicious Injection / Memory APIs (MEDIUM)
d7b71ad1,"Service: @%systemroot%\system32\wbiosrvc.dll,-100",Windows Service,MEDIUM,0,HKLM\SYSTEM\CurrentControlSet\Services\WbioSrvc,%SystemRoot%\system32\svchost.exe -k WbioSvcGroup,C:\WINDOWS\system32\svchost.exe,True,LocalSystem (Auto Start),True,Valid,Microsoft Windows,949bfb5b4c7d58d92f3f9c5f8ec7ca4ceaffd10ec5f0020f0a987c472d61c54b,8ec922c7a58a8701ab481b7be9644536,4.936,False,"Stop-Service -Name ""WbioSrvc"" -Force -ErrorAction SilentlyContinue; Set-Service -Name ""WbioSrvc"" -StartupType Disabled",Timestomping Timestamp Anomaly (MEDIUM)
ed59a424,"Service: @%SystemRoot%\System32\wcmsvc.dll,-4097",Windows Service,MEDIUM,0,HKLM\SYSTEM\CurrentControlSet\Services\Wcmsvc,%SystemRoot%\system32\svchost.exe -k LocalServiceNetworkRestricted -p,C:\WINDOWS\system32\svchost.exe,True,NT Authority\LocalService (Auto Start),True,Valid,Microsoft Windows,949bfb5b4c7d58d92f3f9c5f8ec7ca4ceaffd10ec5f0020f0a987c472d61c54b,8ec922c7a58a8701ab481b7be9644536,4.936,False,"Stop-Service -Name ""Wcmsvc"" -Force -ErrorAction SilentlyContinue; Set-Service -Name ""Wcmsvc"" -StartupType Disabled",Timestomping Timestamp Anomaly (MEDIUM)
d984101a,"Service: @%systemroot%\system32\webthreatdefusersvc.dll,-100",Windows Service,MEDIUM,0,HKLM\SYSTEM\CurrentControlSet\Services\webthreatdefusersvc,%SystemRoot%\system32\svchost.exe -k LocalSystemNetworkRestricted -p,C:\WINDOWS\system32\svchost.exe,True,LocalSystem (Auto Start),True,Valid,Microsoft Windows,949bfb5b4c7d58d92f3f9c5f8ec7ca4ceaffd10ec5f0020f0a987c472d61c54b,8ec922c7a58a8701ab481b7be9644536,4.936,False,"Stop-Service -Name ""webthreatdefusersvc"" -Force -ErrorAction SilentlyContinue; Set-Service -Name ""webthreatdefusersvc"" -StartupType Disabled",Timestomping Timestamp Anomaly (MEDIUM)
328b0d94,Service: Web Threat Defense User Service_82433f75,Windows Service,MEDIUM,0,HKLM\SYSTEM\CurrentControlSet\Services\webthreatdefusersvc_82433f75,C:\WINDOWS\system32\svchost.exe -k LocalSystemNetworkRestricted -p,C:\WINDOWS\system32\svchost.exe,True,LocalSystem (Auto Start),True,Valid,Microsoft Windows,949bfb5b4c7d58d92f3f9c5f8ec7ca4ceaffd10ec5f0020f0a987c472d61c54b,8ec922c7a58a8701ab481b7be9644536,4.936,False,"Stop-Service -Name ""webthreatdefusersvc_82433f75"" -Force -ErrorAction SilentlyContinue; Set-Service -Name ""webthreatdefusersvc_82433f75"" -StartupType Disabled",Timestomping Timestamp Anomaly (MEDIUM)
4f302322,Service: Web Threat Defense User Service_825522ed,Windows Service,MEDIUM,0,HKLM\SYSTEM\CurrentControlSet\Services\webthreatdefusersvc_825522ed,C:\WINDOWS\system32\svchost.exe -k LocalSystemNetworkRestricted -p,C:\WINDOWS\system32\svchost.exe,True,LocalSystem (Auto Start),True,Valid,Microsoft Windows,949bfb5b4c7d58d92f3f9c5f8ec7ca4ceaffd10ec5f0020f0a987c472d61c54b,8ec922c7a58a8701ab481b7be9644536,4.936,False,"Stop-Service -Name ""webthreatdefusersvc_825522ed"" -Force -ErrorAction SilentlyContinue; Set-Service -Name ""webthreatdefusersvc_825522ed"" -StartupType Disabled",Timestomping Timestamp Anomaly (MEDIUM)
35145b23,"Service: @C:\ProgramData\Microsoft\Windows Defender\Platform\4.18.26080.4-0\MpAsDesc.dll,-310",Windows Service,MEDIUM,0,HKLM\SYSTEM\CurrentControlSet\Services\WinDefend,"""C:\ProgramData\Microsoft\Windows Defender\Platform\4.18.26080.4-0\MsMpEng.exe""",C:\ProgramData\Microsoft\Windows Defender\Platform\4.18.26080.4-0\MsMpEng.exe,True,LocalSystem (Auto Start),True,Valid,"CN=Microsoft Windows Publisher, O=Microsoft Corporation, L=Redmond, S=Washington, C=US",7272962632224709cebd1e7f4560f99a068e513545b530ad7929a085b6a921aa,7338d283176336062f1b1190cd12df71,6.1455,False,"Stop-Service -Name ""WinDefend"" -Force -ErrorAction SilentlyContinue; Set-Service -Name ""WinDefend"" -StartupType Disabled",Suspicious Injection / Memory APIs (MEDIUM)
4c913af2,"Service: @%Systemroot%\system32\wbem\wmisvc.dll,-205",Windows Service,MEDIUM,0,HKLM\SYSTEM\CurrentControlSet\Services\Winmgmt,%systemroot%\system32\svchost.exe -k netsvcs -p,C:\WINDOWS\system32\svchost.exe,True,localSystem (Auto Start),True,Valid,Microsoft Windows,949bfb5b4c7d58d92f3f9c5f8ec7ca4ceaffd10ec5f0020f0a987c472d61c54b,8ec922c7a58a8701ab481b7be9644536,4.936,False,"Stop-Service -Name ""Winmgmt"" -Force -ErrorAction SilentlyContinue; Set-Service -Name ""Winmgmt"" -StartupType Disabled",Timestomping Timestamp Anomaly (MEDIUM)
16a5d261,"Service: @%Systemroot%\system32\wsmsvc.dll,-101",Windows Service,MEDIUM,0,HKLM\SYSTEM\CurrentControlSet\Services\WinRM,%SystemRoot%\System32\svchost.exe -k NetworkService -p,C:\WINDOWS\System32\svchost.exe,True,NT AUTHORITY\NetworkService (Delayed Auto Start),True,Valid,Microsoft Windows,949bfb5b4c7d58d92f3f9c5f8ec7ca4ceaffd10ec5f0020f0a987c472d61c54b,8ec922c7a58a8701ab481b7be9644536,4.936,False,"Stop-Service -Name ""WinRM"" -Force -ErrorAction SilentlyContinue; Set-Service -Name ""WinRM"" -StartupType Disabled",Timestomping Timestamp Anomaly (MEDIUM)
a63acac6,"Service: @%SystemRoot%\System32\wlansvc.dll,-257",Windows Service,MEDIUM,0,HKLM\SYSTEM\CurrentControlSet\Services\WlanSvc,%SystemRoot%\system32\svchost.exe -k LocalSystemNetworkRestricted -p,C:\WINDOWS\system32\svchost.exe,True,LocalSystem (Auto Start),True,Valid,Microsoft Windows,949bfb5b4c7d58d92f3f9c5f8ec7ca4ceaffd10ec5f0020f0a987c472d61c54b,8ec922c7a58a8701ab481b7be9644536,4.936,False,"Stop-Service -Name ""WlanSvc"" -Force -ErrorAction SilentlyContinue; Set-Service -Name ""WlanSvc"" -StartupType Disabled",Timestomping Timestamp Anomaly (MEDIUM)
2f6fbb9e,Service: Intel(R) Management Engine WMI Provider Registration,Windows Service,MEDIUM,0,HKLM\SYSTEM\CurrentControlSet\Services\WMIRegistrationService,%SystemRoot%\System32\DriverStore\FileRepository\mewmiprov.inf_amd64_d7a222f6ce13d429\WMIRegistrationService.exe,C:\WINDOWS\System32\DriverStore\FileRepository\mewmiprov.inf_amd64_d7a222f6ce13d429\WMIRegistrationService.exe,True,LocalSystem (Auto Start),True,Valid,Microsoft Windows,91f5f616cfaab01ccff7458427db5a2bab4d80d7085efe460656aecefb27f9c3,b1f6a93e10601dcc5e4e7388982486ae,6.6988,False,"Stop-Service -Name ""WMIRegistrationService"" -Force -ErrorAction SilentlyContinue; Set-Service -Name ""WMIRegistrationService"" -StartupType Disabled",Suspicious Injection / Memory APIs (MEDIUM)
cbcf370d,"Service: @%SystemRoot%\system32\wpnservice.dll,-1",Windows Service,MEDIUM,0,HKLM\SYSTEM\CurrentControlSet\Services\WpnService,%systemroot%\system32\svchost.exe -k netsvcs -p,C:\WINDOWS\system32\svchost.exe,True,LocalSystem (Auto Start),True,Valid,Microsoft Windows,949bfb5b4c7d58d92f3f9c5f8ec7ca4ceaffd10ec5f0020f0a987c472d61c54b,8ec922c7a58a8701ab481b7be9644536,4.936,False,"Stop-Service -Name ""WpnService"" -Force -ErrorAction SilentlyContinue; Set-Service -Name ""WpnService"" -StartupType Disabled",Timestomping Timestamp Anomaly (MEDIUM)
3f952e1b,"Service: @%SystemRoot%\system32\WpnUserService.dll,-1",Windows Service,MEDIUM,0,HKLM\SYSTEM\CurrentControlSet\Services\WpnUserService,%SystemRoot%\system32\svchost.exe -k UnistackSvcGroup,C:\WINDOWS\system32\svchost.exe,True,LocalSystem (Auto Start),True,Valid,Microsoft Windows,949bfb5b4c7d58d92f3f9c5f8ec7ca4ceaffd10ec5f0020f0a987c472d61c54b,8ec922c7a58a8701ab481b7be9644536,4.936,False,"Stop-Service -Name ""WpnUserService"" -Force -ErrorAction SilentlyContinue; Set-Service -Name ""WpnUserService"" -StartupType Disabled",Timestomping Timestamp Anomaly (MEDIUM)
e9aaad8f,Service: Windows Push Notifications User Service_82433f75,Windows Service,MEDIUM,0,HKLM\SYSTEM\CurrentControlSet\Services\WpnUserService_82433f75,C:\WINDOWS\system32\svchost.exe -k UnistackSvcGroup,C:\WINDOWS\system32\svchost.exe,True,LocalSystem (Auto Start),True,Valid,Microsoft Windows,949bfb5b4c7d58d92f3f9c5f8ec7ca4ceaffd10ec5f0020f0a987c472d61c54b,8ec922c7a58a8701ab481b7be9644536,4.936,False,"Stop-Service -Name ""WpnUserService_82433f75"" -Force -ErrorAction SilentlyContinue; Set-Service -Name ""WpnUserService_82433f75"" -StartupType Disabled",Timestomping Timestamp Anomaly (MEDIUM)
7126726f,Service: Windows Push Notifications User Service_825522ed,Windows Service,MEDIUM,0,HKLM\SYSTEM\CurrentControlSet\Services\WpnUserService_825522ed,C:\WINDOWS\system32\svchost.exe -k UnistackSvcGroup,C:\WINDOWS\system32\svchost.exe,True,LocalSystem (Auto Start),True,Valid,Microsoft Windows,949bfb5b4c7d58d92f3f9c5f8ec7ca4ceaffd10ec5f0020f0a987c472d61c54b,8ec922c7a58a8701ab481b7be9644536,4.936,False,"Stop-Service -Name ""WpnUserService_825522ed"" -Force -ErrorAction SilentlyContinue; Set-Service -Name ""WpnUserService_825522ed"" -StartupType Disabled",Timestomping Timestamp Anomaly (MEDIUM)
9fdbcc65,"Service: @%SystemRoot%\System32\wscsvc.dll,-200",Windows Service,MEDIUM,0,HKLM\SYSTEM\CurrentControlSet\Services\wscsvc,%SystemRoot%\System32\svchost.exe -k LocalServiceNetworkRestricted -p,C:\WINDOWS\System32\svchost.exe,True,NT AUTHORITY\LocalService (Delayed Auto Start),True,Valid,Microsoft Windows,949bfb5b4c7d58d92f3f9c5f8ec7ca4ceaffd10ec5f0020f0a987c472d61c54b,8ec922c7a58a8701ab481b7be9644536,4.936,False,"Stop-Service -Name ""wscsvc"" -Force -ErrorAction SilentlyContinue; Set-Service -Name ""wscsvc"" -StartupType Disabled",Timestomping Timestamp Anomaly (MEDIUM)
02b98e51,Driver: 3ware,System Driver,CLEAN,0,HKLM\SYSTEM\CurrentControlSet\Services\3ware,System32\drivers\3ware.sys,C:\WINDOWS\System32\drivers\3ware.sys,True,Kernel Space (Boot Driver),True,Valid,Microsoft Windows,03e7fd2b296df520df82f4d937aff326939128253e6f7d85c505d9f00fad288c,d3ed954539ed167d4de479ab27b3b155,6.4915,False,"Set-Service -Name ""3ware"" -StartupType Disabled -ErrorAction SilentlyContinue",
e7db68b1,Driver: ACPI,System Driver,CLEAN,0,HKLM\SYSTEM\CurrentControlSet\Services\ACPI,System32\drivers\ACPI.sys,C:\WINDOWS\System32\drivers\ACPI.sys,True,Kernel Space (Boot Driver),True,Valid,Microsoft Windows,cf700c944c5faaec7b8cd82b4d857a085e027678c2c292f1b954ea5ca0222738,44c70eb03940afa1474cdc50e042b261,6.2418,False,"Set-Service -Name ""ACPI"" -StartupType Disabled -ErrorAction SilentlyContinue",
c83fbf66,Driver: acpiex,System Driver,CLEAN,0,HKLM\SYSTEM\CurrentControlSet\Services\acpiex,System32\Drivers\acpiex.sys,C:\WINDOWS\System32\Drivers\acpiex.sys,True,Kernel Space (Boot Driver),True,Valid,Microsoft Windows,7626a42d429ee40bfb46d7f54ffed409182d639d53797594d317d151999f6e7f,159a044ab6259f2e511af62f2a2bd215,5.8277,False,"Set-Service -Name ""acpiex"" -StartupType Disabled -ErrorAction SilentlyContinue",
418091ff,Driver: ADP80XX,System Driver,CLEAN,0,HKLM\SYSTEM\CurrentControlSet\Services\ADP80XX,System32\drivers\ADP80XX.SYS,C:\WINDOWS\System32\drivers\ADP80XX.SYS,True,Kernel Space (Boot Driver),True,Valid,Microsoft Windows,fc685a68fd826912d05e7ac0a297d9744f8cb13409681aa7d9734bf0702755e8,97966301bb26119b90c4014b0f620077,6.2783,False,"Set-Service -Name ""ADP80XX"" -StartupType Disabled -ErrorAction SilentlyContinue",
dfad0bb0,Driver: ahcache,System Driver,MEDIUM,0,HKLM\SYSTEM\CurrentControlSet\Services\ahcache,system32\DRIVERS\ahcache.sys,C:\WINDOWS\system32\DRIVERS\ahcache.sys,True,Kernel Space (System Driver),True,Valid,Microsoft Windows,4d62abf137551375ed232a0a8cd09aea3b814f06a8fc4dfae170ae99856cc594,00f68dba5f78e83094dbd166e337b856,6.1444,False,"Set-Service -Name ""ahcache"" -StartupType Disabled -ErrorAction SilentlyContinue",Timestomping Timestamp Anomaly (MEDIUM)
dfc78f26,Driver: amdsata,System Driver,CLEAN,0,HKLM\SYSTEM\CurrentControlSet\Services\amdsata,System32\drivers\amdsata.sys,C:\WINDOWS\System32\drivers\amdsata.sys,True,Kernel Space (Boot Driver),True,Valid,Microsoft Windows,528186a235200b0631c75aa0e2474bac824a2f729231e5998f522a6682d9a4ef,6702a30225f096b1b9fda966b0519a8e,6.6331,False,"Set-Service -Name ""amdsata"" -StartupType Disabled -ErrorAction SilentlyContinue",
06df3a85,Driver: amdsbs,System Driver,CLEAN,0,HKLM\SYSTEM\CurrentControlSet\Services\amdsbs,System32\drivers\amdsbs.sys,C:\WINDOWS\System32\drivers\amdsbs.sys,True,Kernel Space (Boot Driver),True,Valid,Microsoft Windows,c7793ba15d9a11048d6ebb8a55b9e09140566c294501d8a7b379e01128176e73,82a8e2a674794d5ffa93f3e6fe2fd700,6.5937,False,"Set-Service -Name ""amdsbs"" -StartupType Disabled -ErrorAction SilentlyContinue",
d7186e5c,Driver: amdxata,System Driver,CLEAN,0,HKLM\SYSTEM\CurrentControlSet\Services\amdxata,System32\drivers\amdxata.sys,C:\WINDOWS\System32\drivers\amdxata.sys,True,Kernel Space (Boot Driver),True,Valid,Microsoft Windows,d9ba91da1ea1ce8b9869cd7c65bde4713bba0c716e22506df45f7ac26322ff21,03e71a2182c900046a4e688c2a9ecfc1,6.3893,False,"Set-Service -Name ""amdxata"" -StartupType Disabled -ErrorAction SilentlyContinue",
088033ab,Driver: AppleSSD,System Driver,CLEAN,0,HKLM\SYSTEM\CurrentControlSet\Services\AppleSSD,System32\drivers\AppleSSD.sys,C:\WINDOWS\System32\drivers\AppleSSD.sys,True,Kernel Space (Boot Driver),True,Valid,Microsoft Windows,ab245ab1272ef6ce9de9f50e81dfcc285c9c8270231a3ea857d0f0c7ddb26131,0b854a7b4e30e40342bc2838a6c5aedb,6.4282,False,"Set-Service -Name ""AppleSSD"" -StartupType Disabled -ErrorAction SilentlyContinue",
7049ac9a,Driver: arcsas,System Driver,CLEAN,0,HKLM\SYSTEM\CurrentControlSet\Services\arcsas,System32\drivers\arcsas.sys,C:\WINDOWS\System32\drivers\arcsas.sys,True,Kernel Space (Boot Driver),True,Valid,Microsoft Windows,f186e92852c1c98f57327eee1701ae60291af7eb1e6927b4de2a47b680c4417a,7c062e536a4c2071a88ae0e037a78077,6.6683,False,"Set-Service -Name ""arcsas"" -StartupType Disabled -ErrorAction SilentlyContinue",
ce69f1a9,Driver: atapi,System Driver,MEDIUM,0,HKLM\SYSTEM\CurrentControlSet\Services\atapi,System32\drivers\atapi.sys,C:\WINDOWS\System32\drivers\atapi.sys,True,Kernel Space (Boot Driver),True,Valid,Microsoft Windows,d9a7bf71487fcf2a7d6ffed753c5fff6d581a2183d2e712bbd55bcd72e988a78,be55bb568ab319140b1dd89358af9efb,3.6803,False,"Set-Service -Name ""atapi"" -StartupType Disabled -ErrorAction SilentlyContinue",Timestomping Timestamp Anomaly (MEDIUM)
ee646a6a,Driver: b06bdrv,System Driver,CLEAN,0,HKLM\SYSTEM\CurrentControlSet\Services\b06bdrv,System32\drivers\bxvbda.sys,C:\WINDOWS\System32\drivers\bxvbda.sys,True,Kernel Space (Boot Driver),True,Valid,Microsoft Windows,c83c9adb5c734db1cb04e524c75497c6c4ec8e5d11c86cb868d3b025235b7689,eccff3ad5c93b7c18ffb4a3f96b8cb95,5.9916,False,"Set-Service -Name ""b06bdrv"" -StartupType Disabled -ErrorAction SilentlyContinue",
3964f975,Driver: bam,System Driver,CLEAN,0,HKLM\SYSTEM\CurrentControlSet\Services\bam,system32\drivers\bam.sys,C:\WINDOWS\system32\drivers\bam.sys,True,Kernel Space (System Driver),True,Valid,Microsoft Windows,4d8a19f6f7da5f6b6fca5783487fb9bf6d8dc9e62f45a2d8356c9a185157baf8,fa055a41c0130ee28570daa18f9f881b,5.2032,False,"Set-Service -Name ""bam"" -StartupType Disabled -ErrorAction SilentlyContinue",
f1230fda,Driver: Beep,System Driver,MEDIUM,0,HKLM\SYSTEM\CurrentControlSet\Services\Beep,system32\drivers\Beep.sys,C:\WINDOWS\system32\drivers\Beep.sys,True,Kernel Space (System Driver),True,Valid,Microsoft Windows,e53f33dba66eeb01ea796831d357a198e659481f4f5e401775f4de5bf49a7a9e,02d9a09d39814163c5fcd09f70fe8669,1.2645,False,"Set-Service -Name ""Beep"" -StartupType Disabled -ErrorAction SilentlyContinue",Timestomping Timestamp Anomaly (MEDIUM)
fad6ef21,Driver: bttflt,System Driver,MEDIUM,0,HKLM\SYSTEM\CurrentControlSet\Services\bttflt,System32\drivers\bttflt.sys,C:\WINDOWS\System32\drivers\bttflt.sys,True,Kernel Space (Boot Driver),True,Valid,Microsoft Windows,c70fdefd2c2fbdee86e47dc30a630779a57c0cff60d58ee3fb4f7f6ea0fc07fb,be67f120eb152214a984e3dc609ff6ee,4.5064,False,"Set-Service -Name ""bttflt"" -StartupType Disabled -ErrorAction SilentlyContinue",Timestomping Timestamp Anomaly (MEDIUM)
8a49fdcb,Driver: cht4iscsi,System Driver,CLEAN,0,HKLM\SYSTEM\CurrentControlSet\Services\cht4iscsi,System32\drivers\cht4sx64.sys,C:\WINDOWS\System32\drivers\cht4sx64.sys,True,Kernel Space (Boot Driver),True,Valid,Microsoft Windows,e9fbdf9380d42f3a8510378cafbcbb22128e2ca2b12146784e3fb8c0188fd56d,ba16b4fe0ffe44b8e25b890f917d22db,6.4723,False,"Set-Service -Name ""cht4iscsi"" -StartupType Disabled -ErrorAction SilentlyContinue",
dfc94c5f,Driver: CimFS,System Driver,MEDIUM,0,HKLM\SYSTEM\CurrentControlSet\Services\CimFS,system32\drivers\CimFS.sys,C:\WINDOWS\system32\drivers\CimFS.sys,True,Kernel Space (System Driver),True,Valid,Microsoft Windows,b0e11535a7cbb504e98553a6fa052646ac4cdd8d844c9f1edf627c42846c67cb,08b8cdc9e23d196103630e3d0a22b935,5.7594,False,"Set-Service -Name ""CimFS"" -StartupType Disabled -ErrorAction SilentlyContinue",Timestomping Timestamp Anomaly (MEDIUM)
35b4e3b4,Driver: CLFS,System Driver,MEDIUM,0,HKLM\SYSTEM\CurrentControlSet\Services\CLFS,System32\drivers\CLFS.sys,C:\WINDOWS\System32\drivers\CLFS.sys,True,Kernel Space (Boot Driver),True,Valid,Microsoft Windows,06685916688bbf7d54ece1adfa40ca903134251852c661206504b296f1bdf2fe,30ab3c67f911f789e5efa2040bfa1a9d,6.1205,False,"Set-Service -Name ""CLFS"" -StartupType Disabled -ErrorAction SilentlyContinue",Timestomping Timestamp Anomaly (MEDIUM)
d7abc1e3,Driver: CNG,System Driver,CLEAN,0,HKLM\SYSTEM\CurrentControlSet\Services\CNG,System32\Drivers\cng.sys,C:\WINDOWS\System32\Drivers\cng.sys,True,Kernel Space (Boot Driver),True,Valid,Microsoft Windows,0fce0a3ad75cba2abbe96b0192729365ac413595f4ab40aaf8e27df9982e9f2f,820d48b5c447b40b88efd63569420d62,6.5174,False,"Set-Service -Name ""CNG"" -StartupType Disabled -ErrorAction SilentlyContinue",
fdd859d2,Driver: dam,System Driver,MEDIUM,0,HKLM\SYSTEM\CurrentControlSet\Services\dam,system32\drivers\dam.sys,C:\WINDOWS\system32\drivers\dam.sys,True,Kernel Space (System Driver),True,Valid,Microsoft Windows,5b0214d8a8d92f7ccb4b72f651686cc737812d3d71c612abbd82c71612d553f2,cad7802bd52a1b9a89daa81e5fcf7f2f,5.3709,False,"Set-Service -Name ""dam"" -StartupType Disabled -ErrorAction SilentlyContinue",Timestomping Timestamp Anomaly (MEDIUM)
bdc29722,Driver: Dfsc,System Driver,MEDIUM,0,HKLM\SYSTEM\CurrentControlSet\Services\Dfsc,System32\Drivers\dfsc.sys,C:\WINDOWS\System32\Drivers\dfsc.sys,True,Kernel Space (System Driver),True,Valid,Microsoft Windows,5d4e317243cd1259062584b116362f2fb33175611b03e3a6d22022427f08bce4,54b57b161254ff76e322f8b78329174b,5.6356,False,"Set-Service -Name ""Dfsc"" -StartupType Disabled -ErrorAction SilentlyContinue",Timestomping Timestamp Anomaly (MEDIUM)
64b5302e,Driver: disk,System Driver,MEDIUM,0,HKLM\SYSTEM\CurrentControlSet\Services\disk,System32\drivers\disk.sys,C:\WINDOWS\System32\drivers\disk.sys,True,Kernel Space (Boot Driver),True,Valid,Microsoft Windows,2070bc649f102ed588bf9a0262747b9516d92e83ad62bfe9ec92b8eaf088c219,2d23c822592fa2cd0bd08ec76323e0d0,5.0797,False,"Set-Service -Name ""disk"" -StartupType Disabled -ErrorAction SilentlyContinue",Timestomping Timestamp Anomaly (MEDIUM)
eeac37a3,Driver: ebdrv,System Driver,CLEAN,0,HKLM\SYSTEM\CurrentControlSet\Services\ebdrv,System32\drivers\evbda.sys,C:\WINDOWS\System32\drivers\evbda.sys,True,Kernel Space (Boot Driver),True,Valid,Microsoft Windows,4e887fe2474d4580bdb7bc94f96b8fbe330cd584b19935b45253ae2e8abe3647,fec6b6e192aa6ecd70e54d4fa34203e9,6.4518,False,"Set-Service -Name ""ebdrv"" -StartupType Disabled -ErrorAction SilentlyContinue",
f703ef7b,Driver: ebdrv0,System Driver,CLEAN,0,HKLM\SYSTEM\CurrentControlSet\Services\ebdrv0,System32\drivers\evbd0a.sys,C:\WINDOWS\System32\drivers\evbd0a.sys,True,Kernel Space (Boot Driver),True,Valid,Microsoft Windows,b92d1e44b72c91875550c5e9c62ae565e7f2103544dc04669c8aaa1c03ee7331,24b6b247a7eb3f5e6c093706bd079040,6.4436,False,"Set-Service -Name ""ebdrv0"" -StartupType Disabled -ErrorAction SilentlyContinue",
0b320bcb,Driver: EhStorClass,System Driver,MEDIUM,0,HKLM\SYSTEM\CurrentControlSet\Services\EhStorClass,System32\drivers\EhStorClass.sys,C:\WINDOWS\System32\drivers\EhStorClass.sys,True,Kernel Space (Boot Driver),True,Valid,Microsoft Windows,6b457f08185d3c3d7c2b65e91912d0b0cf07f6b6b7230bea201f3e80b6380313,5f8c80621d5c4c442817289a72ac4c7a,5.5367,False,"Set-Service -Name ""EhStorClass"" -StartupType Disabled -ErrorAction SilentlyContinue",Timestomping Timestamp Anomaly (MEDIUM)
872aad46,Driver: EhStorTcgDrv,System Driver,MEDIUM,0,HKLM\SYSTEM\CurrentControlSet\Services\EhStorTcgDrv,System32\drivers\EhStorTcgDrv.sys,C:\WINDOWS\System32\drivers\EhStorTcgDrv.sys,True,Kernel Space (Boot Driver),True,Valid,Microsoft Windows,fa8462bcaee38be42c395ec05c869a30b8a0787f0b512e93367bd6e6578d02d8,ca3aa846ff7ef078c14b69631a2bd6d7,5.4311,False,"Set-Service -Name ""EhStorTcgDrv"" -StartupType Disabled -ErrorAction SilentlyContinue",Timestomping Timestamp Anomaly (MEDIUM)
31517390,Driver: FileInfo,System Driver,MEDIUM,0,HKLM\SYSTEM\CurrentControlSet\Services\FileInfo,System32\drivers\fileinfo.sys,C:\WINDOWS\System32\drivers\fileinfo.sys,True,Kernel Space (Boot Driver),True,Valid,Microsoft Windows,6f4f77f614904e4c2526bc45782648afa7ce63e37fa877bed2f6e80e488ca0b5,de149042c4d3ee4ca107f09bcd3519fa,5.5221,False,"Set-Service -Name ""FileInfo"" -StartupType Disabled -ErrorAction SilentlyContinue",Timestomping Timestamp Anomaly (MEDIUM)
c7403650,Driver: FltMgr,System Driver,MEDIUM,0,HKLM\SYSTEM\CurrentControlSet\Services\FltMgr,system32\drivers\fltmgr.sys,C:\WINDOWS\system32\drivers\fltmgr.sys,True,Kernel Space (Boot Driver),True,Valid,Microsoft Windows,bf778b9238f39405483a48c00b131d7f08e33906eb9ce781da57100cdee7221e,1242c12c0482a35f7a2b70249fb20660,6.1318,False,"Set-Service -Name ""FltMgr"" -StartupType Disabled -ErrorAction SilentlyContinue",Timestomping Timestamp Anomaly (MEDIUM)
bf47d1bd,Driver: Fs_Rec,System Driver,MEDIUM,0,HKLM\SYSTEM\CurrentControlSet\Services\Fs_Rec,system32\drivers\Fs_Rec.sys,C:\WINDOWS\system32\drivers\Fs_Rec.sys,True,Kernel Space (Boot Driver),True,Valid,Microsoft Windows,b5ffab1d3415e370d9cab7b63edb15ae3d4431cb0e2ede3453c66b814dd4a867,1893503815c5af28be947776388ce977,3.9928,False,"Set-Service -Name ""Fs_Rec"" -StartupType Disabled -ErrorAction SilentlyContinue",Timestomping Timestamp Anomaly (MEDIUM)
3bc0c810,Driver: GenPass,System Driver,MEDIUM,0,HKLM\SYSTEM\CurrentControlSet\Services\GenPass,System32\DriverStore\FileRepository\genpass.inf_amd64_bef88a423225ecdc\genpass.sys,C:\WINDOWS\System32\DriverStore\FileRepository\genpass.inf_amd64_bef88a423225ecdc\genpass.sys,True,Kernel Space (Boot Driver),True,Valid,Microsoft Windows,65d75ad7553013b2b4097051e7573e36599dea2865dee76995d3c562d460f085,9f90949b9feb4061db1e57eda85cb611,3.4112,False,"Set-Service -Name ""GenPass"" -StartupType Disabled -ErrorAction SilentlyContinue",Timestomping Timestamp Anomaly (MEDIUM)
15c7c8a0,Driver: HpSAMD,System Driver,CLEAN,0,HKLM\SYSTEM\CurrentControlSet\Services\HpSAMD,System32\drivers\HpSAMD.sys,C:\WINDOWS\System32\drivers\HpSAMD.sys,True,Kernel Space (Boot Driver),True,Valid,Microsoft Windows,8980185a7759cfda39d001a79640dd1bc8a8e82842d6a39cd65526626ef4162f,1b093347f7b2ade87347bf22c6720b7a,6.6357,False,"Set-Service -Name ""HpSAMD"" -StartupType Disabled -ErrorAction SilentlyContinue",
c952c7c1,Driver: hwpolicy,System Driver,MEDIUM,0,HKLM\SYSTEM\CurrentControlSet\Services\hwpolicy,System32\drivers\hwpolicy.sys,C:\WINDOWS\System32\drivers\hwpolicy.sys,True,Kernel Space (Boot Driver),True,Valid,Microsoft Windows,a56d01b744e030ba0368c617461d94593b98a434cf3ab716cfea7c6ab48bf85b,0bea21439fdb1a846c0bb1be9c19538b,2.0734,False,"Set-Service -Name ""hwpolicy"" -StartupType Disabled -ErrorAction SilentlyContinue",Timestomping Timestamp Anomaly (MEDIUM)
e6a04f89,Driver: iaStorAVC,System Driver,CLEAN,0,HKLM\SYSTEM\CurrentControlSet\Services\iaStorAVC,System32\drivers\iaStorAVC.sys,C:\WINDOWS\System32\drivers\iaStorAVC.sys,True,Kernel Space (Boot Driver),True,Valid,Microsoft Windows,bf157ec72bd0304f3f1bc744c9177096da8821921c1d78bb1368baaa3d21d307,06e6c320e82b4aec1d5ef2aeab00bbe2,6.3255,False,"Set-Service -Name ""iaStorAVC"" -StartupType Disabled -ErrorAction SilentlyContinue",
ba35444a,Driver: iaStorV,System Driver,CLEAN,0,HKLM\SYSTEM\CurrentControlSet\Services\iaStorV,System32\drivers\iaStorV.sys,C:\WINDOWS\System32\drivers\iaStorV.sys,True,Kernel Space (Boot Driver),True,Valid,Microsoft Windows,f070c35a0def00872b4670bb2d9e7d8d0fec9cc335c93a8576c591218a812b7d,8b79dfdc65e4f61daf96ae9fe0cec0b8,6.3275,False,"Set-Service -Name ""iaStorV"" -StartupType Disabled -ErrorAction SilentlyContinue",
d523f58e,Driver: iaStorVD,System Driver,CLEAN,0,HKLM\SYSTEM\CurrentControlSet\Services\iaStorVD,System32\drivers\iaStorVD.sys,C:\WINDOWS\System32\drivers\iaStorVD.sys,True,Kernel Space (Boot Driver),True,Valid,Microsoft Windows,2a204cbc27f62407472f315909b88e71c4d86844cb1e47bd1f1e2f65580db320,701c3193669985c67d2128c6747f9e89,6.3253,False,"Set-Service -Name ""iaStorVD"" -StartupType Disabled -ErrorAction SilentlyContinue",
e90d8107,Driver: intelide,System Driver,MEDIUM,0,HKLM\SYSTEM\CurrentControlSet\Services\intelide,System32\drivers\intelide.sys,C:\WINDOWS\System32\drivers\intelide.sys,True,Kernel Space (Boot Driver),True,Valid,Microsoft Windows,457ca3f5f426aeb19f9cc20f0b0d6f4a01d9d4695bad09596caac917c2d526ed,938468a9f1ae6c36f055d0fec030cf64,3.2148,False,"Set-Service -Name ""intelide"" -StartupType Disabled -ErrorAction SilentlyContinue",Timestomping Timestamp Anomaly (MEDIUM)
a783f0be,Driver: intelpep,System Driver,MEDIUM,0,HKLM\SYSTEM\CurrentControlSet\Services\intelpep,System32\drivers\intelpep.sys,C:\WINDOWS\System32\drivers\intelpep.sys,True,Kernel Space (Boot Driver),True,Valid,Microsoft Windows,77487ef0fe547583c3ef4cab3018a81c911a059b344fe5cec7243576150284f8,5ab64fdfb37777873925e69cbc2d3478,3.8314,False,"Set-Service -Name ""intelpep"" -StartupType Disabled -ErrorAction SilentlyContinue",Timestomping Timestamp Anomaly (MEDIUM)
c3403606,Driver: IntelPMT,System Driver,MEDIUM,0,HKLM\SYSTEM\CurrentControlSet\Services\IntelPMT,System32\drivers\IntelPMT.sys,C:\WINDOWS\System32\drivers\IntelPMT.sys,True,Kernel Space (Boot Driver),True,Valid,Microsoft Windows,c649d6ebdcf7d33c3a09e5855d9155101da1f3a87df894c00a049c73a2e8caae,6e1f92dae0a90132f930885574ed4b20,4.4513,False,"Set-Service -Name ""IntelPMT"" -StartupType Disabled -ErrorAction SilentlyContinue",Timestomping Timestamp Anomaly (MEDIUM)
618e378a,Driver: iorate,System Driver,MEDIUM,0,HKLM\SYSTEM\CurrentControlSet\Services\iorate,system32\drivers\iorate.sys,C:\WINDOWS\system32\drivers\iorate.sys,True,Kernel Space (Boot Driver),True,Valid,Microsoft Windows,f3091674a0f057ae7afc0cc4d0664f419db61e4a65435cda1ce6865f102532b3,94db19e80ff33b5bcbbfb7b2b017b1a9,4.848,False,"Set-Service -Name ""iorate"" -StartupType Disabled -ErrorAction SilentlyContinue",Timestomping Timestamp Anomaly (MEDIUM)
460ab5d1,Driver: isapnp,System Driver,CLEAN,0,HKLM\SYSTEM\CurrentControlSet\Services\isapnp,System32\drivers\isapnp.sys,C:\WINDOWS\System32\drivers\isapnp.sys,True,Kernel Space (Boot Driver),True,Valid,Microsoft Windows,df2b2acc8e4d6f40c7d6cc99008c2ed196ec1afb5ee3995284288e9aabf8a3e0,da8325228d27b14051f975b9a64e6c77,3.2804,False,"Set-Service -Name ""isapnp"" -StartupType Disabled -ErrorAction SilentlyContinue",
a7169bf5,Driver: ItSas35i,System Driver,CLEAN,0,HKLM\SYSTEM\CurrentControlSet\Services\ItSas35i,System32\drivers\ItSas35i.sys,C:\WINDOWS\System32\drivers\ItSas35i.sys,True,Kernel Space (Boot Driver),True,Valid,Microsoft Windows,17b791013c97d4d268f3ddb37b527ab92bedd5c114275e764a18f9fc48a23806,345c0cd4ff42c8b3c2edc2294ba0c8a1,6.5131,False,"Set-Service -Name ""ItSas35i"" -StartupType Disabled -ErrorAction SilentlyContinue",
b96ed678,Driver: KSecDD,System Driver,CLEAN,0,HKLM\SYSTEM\CurrentControlSet\Services\KSecDD,System32\Drivers\ksecdd.sys,C:\WINDOWS\System32\Drivers\ksecdd.sys,True,Kernel Space (Boot Driver),True,Valid,Microsoft Windows,fdc7257c3406b4ac0ab69a424021f9752c0193b5c5d74fb5db8d4b4947238cc5,6dfdd28b57e657eda661fcb966bca1a7,5.6041,False,"Set-Service -Name ""KSecDD"" -StartupType Disabled -ErrorAction SilentlyContinue",
ef8e8b79,Driver: LSI_SAS,System Driver,CLEAN,0,HKLM\SYSTEM\CurrentControlSet\Services\LSI_SAS,System32\drivers\lsi_sas.sys,C:\WINDOWS\System32\drivers\lsi_sas.sys,True,Kernel Space (Boot Driver),True,Valid,Microsoft Windows,c2edda88cf93f13639ed0c72af47f882bb421a3e57254d8fd8160d48178d17c2,21034f30839f59f1df4b80e297dd32f3,6.5413,False,"Set-Service -Name ""LSI_SAS"" -StartupType Disabled -ErrorAction SilentlyContinue",
4932db66,Driver: LSI_SAS2i,System Driver,CLEAN,0,HKLM\SYSTEM\CurrentControlSet\Services\LSI_SAS2i,System32\drivers\lsi_sas2i.sys,C:\WINDOWS\System32\drivers\lsi_sas2i.sys,True,Kernel Space (Boot Driver),True,Valid,Microsoft Windows,bc30e2df1cb48a68db32176d60715f498e053b9bcd17da58fbe2066be5f9705b,e7ead3e16c26908d976ab56f64c0ee4f,6.4294,False,"Set-Service -Name ""LSI_SAS2i"" -StartupType Disabled -ErrorAction SilentlyContinue",
3a79a624,Driver: LSI_SAS3i,System Driver,CLEAN,0,HKLM\SYSTEM\CurrentControlSet\Services\LSI_SAS3i,System32\drivers\lsi_sas3i.sys,C:\WINDOWS\System32\drivers\lsi_sas3i.sys,True,Kernel Space (Boot Driver),True,Valid,Microsoft Windows,9b921f39a877c13ce97eac91d20b9119833dc805c4143f2dca6d327f9e4c968f,1415a3e7c9b57b3dcfeb4023c8d386cf,6.4635,False,"Set-Service -Name ""LSI_SAS3i"" -StartupType Disabled -ErrorAction SilentlyContinue",
577313ff,Driver: megasas2i,System Driver,CLEAN,0,HKLM\SYSTEM\CurrentControlSet\Services\megasas2i,System32\drivers\MegaSas2i.sys,C:\WINDOWS\System32\drivers\MegaSas2i.sys,True,Kernel Space (Boot Driver),True,Valid,Microsoft Windows,10a5512fe88a05403b8430d3db723fb1bb1d06dd5f5d9748f2dead8828582b00,f9c04a8da02afc8facd01805b3b7669c,6.3666,False,"Set-Service -Name ""megasas2i"" -StartupType Disabled -ErrorAction SilentlyContinue",
c5ff6d52,Driver: megasas35i,System Driver,CLEAN,0,HKLM\SYSTEM\CurrentControlSet\Services\megasas35i,System32\drivers\megasas35i.sys,C:\WINDOWS\System32\drivers\megasas35i.sys,True,Kernel Space (Boot Driver),True,Valid,Microsoft Windows,9d12f05e81381308da2818550f4c177f38926c2d94db5a30dc5b40b22e5aff06,ad1682556bf7f28976551ac76c653c6c,6.3654,False,"Set-Service -Name ""megasas35i"" -StartupType Disabled -ErrorAction SilentlyContinue",
49b7cd50,Driver: megasr,System Driver,CLEAN,0,HKLM\SYSTEM\CurrentControlSet\Services\megasr,System32\drivers\megasr.sys,C:\WINDOWS\System32\drivers\megasr.sys,True,Kernel Space (Boot Driver),True,Valid,Microsoft Windows,8bd23ca6b6761fb252c29d47aa938058798b0b5c819d559fcede137ba5d8b8f3,003763d79e24adfdf9d0784830123944,6.3492,False,"Set-Service -Name ""megasr"" -StartupType Disabled -ErrorAction SilentlyContinue",
23538b16,Driver: mfeelamk,System Driver,CLEAN,0,HKLM\SYSTEM\CurrentControlSet\Services\mfeelamk,system32\drivers\mfeelamk.sys,C:\WINDOWS\system32\drivers\mfeelamk.sys,True,Kernel Space (Boot Driver),True,Valid,Microsoft Windows,8b3b51d3393920fa2a6cced66b1c79e2b540753b68ab4fc3b42b2b548d7f6f77,746d1ab4081de4c5f0ca59d1d97d9264,6.3085,False,"Set-Service -Name ""mfeelamk"" -StartupType Disabled -ErrorAction SilentlyContinue",
c94c79fd,Driver: mfehidk,System Driver,CLEAN,0,HKLM\SYSTEM\CurrentControlSet\Services\mfehidk,system32\drivers\mfehidk.sys,C:\WINDOWS\system32\drivers\mfehidk.sys,True,Kernel Space (Boot Driver),True,Valid,Microsoft Windows,388073c1b56d6deaa5d8eae24d4f2bc0f29d65c5cedd9cc3c081f4166ad8ae26,818c3268ec07e5b8d1feb5fa50f15ce5,6.3851,False,"Set-Service -Name ""mfehidk"" -StartupType Disabled -ErrorAction SilentlyContinue",
3a388440,Driver: mountmgr,System Driver,MEDIUM,0,HKLM\SYSTEM\CurrentControlSet\Services\mountmgr,System32\drivers\mountmgr.sys,C:\WINDOWS\System32\drivers\mountmgr.sys,True,Kernel Space (Boot Driver),True,Valid,Microsoft Windows,ed2f33258083916ba21bc4e1b23c889e87aa12ed290db8db9cfb6084a8577c50,02d1a4f3c1b557f8fd0d69173f5da838,5.7299,False,"Set-Service -Name ""mountmgr"" -StartupType Disabled -ErrorAction SilentlyContinue",Timestomping Timestamp Anomaly (MEDIUM)
2ec62381,Driver: mpi3drvi,System Driver,CLEAN,0,HKLM\SYSTEM\CurrentControlSet\Services\mpi3drvi,System32\drivers\mpi3drvi.sys,C:\WINDOWS\System32\drivers\mpi3drvi.sys,True,Kernel Space (Boot Driver),True,Valid,Microsoft Windows,0aa9b458d663e6a4562e3cf334eabc1904b91309bcebff5b3d17788b46e16814,b1744913f3ef23c6d9257e25fe8584f8,6.4495,False,"Set-Service -Name ""mpi3drvi"" -StartupType Disabled -ErrorAction SilentlyContinue",
3dcedeb1,Driver: Msfs,System Driver,CLEAN,0,HKLM\SYSTEM\CurrentControlSet\Services\Msfs,system32\drivers\Msfs.sys,C:\WINDOWS\system32\drivers\Msfs.sys,True,Kernel Space (System Driver),True,Valid,Microsoft Windows,ca5e5423ce1a6305fd65658d851f883f43ea167c62c57d7ba8f767359ac11f07,21c3d7fe81f747ac8824167f45267d72,4.3476,False,"Set-Service -Name ""Msfs"" -StartupType Disabled -ErrorAction SilentlyContinue",
b3106dc9,Driver: msisadrv,System Driver,CLEAN,0,HKLM\SYSTEM\CurrentControlSet\Services\msisadrv,System32\drivers\msisadrv.sys,C:\WINDOWS\System32\drivers\msisadrv.sys,True,Kernel Space (Boot Driver),True,Valid,Microsoft Windows,bf5dec606c0244019b3c3e75b739739eabfdce562da91e7891a27eb675ad4083,88a42eeee9f46700a8ea241486b74cdb,2.9451,False,"Set-Service -Name ""msisadrv"" -StartupType Disabled -ErrorAction SilentlyContinue",
a244b247,Driver: Mup,System Driver,MEDIUM,0,HKLM\SYSTEM\CurrentControlSet\Services\Mup,System32\Drivers\mup.sys,C:\WINDOWS\System32\Drivers\mup.sys,True,Kernel Space (Boot Driver),True,Valid,Microsoft Windows,e3c143636ceef3e92f680375459a82ae533704e657528a89730587786a99c7db,426798228533ecc42e65183312ed6ddd,5.3893,False,"Set-Service -Name ""Mup"" -StartupType Disabled -ErrorAction SilentlyContinue",Timestomping Timestamp Anomaly (MEDIUM)
8215aef7,Driver: mvumis,System Driver,CLEAN,0,HKLM\SYSTEM\CurrentControlSet\Services\mvumis,System32\drivers\mvumis.sys,C:\WINDOWS\System32\drivers\mvumis.sys,True,Kernel Space (Boot Driver),True,Valid,Microsoft Windows,637f998d329c30cba89cf13eb2627c093097f7624bac858c6a9e624ad7dad3c3,bbc7fe5472512b5b15283d9cdf6a0e1e,5.5348,False,"Set-Service -Name ""mvumis"" -StartupType Disabled -ErrorAction SilentlyContinue",
b827bdb2,Driver: NDIS,System Driver,CLEAN,0,HKLM\SYSTEM\CurrentControlSet\Services\NDIS,system32\drivers\ndis.sys,C:\WINDOWS\system32\drivers\ndis.sys,True,Kernel Space (Boot Driver),True,Valid,Microsoft Windows,3deaf99e4898053e690e4ed0f346369d0f624ceb1a06e933834c4a68b9d21ec7,f8dd8cac38380bd6ce66cb223b1eaa38,6.3824,False,"Set-Service -Name ""NDIS"" -StartupType Disabled -ErrorAction SilentlyContinue",
aff67609,Driver: NdisCap,System Driver,MEDIUM,0,HKLM\SYSTEM\CurrentControlSet\Services\NdisCap,System32\drivers\ndiscap.sys,C:\WINDOWS\System32\drivers\ndiscap.sys,True,Kernel Space (System Driver),True,Valid,Microsoft Windows,ffc0dd4a6e9a1621f1c53694179ea3f629add2aad4638ec63c06d8db09f32d31,ff6cd72991329fce328e8cc0aafe848e,4.0092,False,"Set-Service -Name ""NdisCap"" -StartupType Disabled -ErrorAction SilentlyContinue",Timestomping Timestamp Anomaly (MEDIUM)
714b4459,Driver: NetBIOS,System Driver,MEDIUM,0,HKLM\SYSTEM\CurrentControlSet\Services\NetBIOS,system32\drivers\netbios.sys,C:\WINDOWS\system32\drivers\netbios.sys,True,Kernel Space (System Driver),True,Valid,Microsoft Windows,29d4d50da66251a7cde5be02fb3ba1b83f57adf9029071c13081083fc080f034,5c98951bd31ea436ead697f37827d837,5.1204,False,"Set-Service -Name ""NetBIOS"" -StartupType Disabled -ErrorAction SilentlyContinue",Timestomping Timestamp Anomaly (MEDIUM)
a00ae902,Driver: NetBT,System Driver,CLEAN,0,HKLM\SYSTEM\CurrentControlSet\Services\NetBT,System32\DRIVERS\netbt.sys,C:\WINDOWS\System32\DRIVERS\netbt.sys,True,Kernel Space (System Driver),True,Valid,Microsoft Windows,985893f0fcb7b344153236e8886fadd44a1a02569b5dead25675894ab85292b9,3fcfbeff1466d851a7990e858674eef1,6.0185,False,"Set-Service -Name ""NetBT"" -StartupType Disabled -ErrorAction SilentlyContinue",
e7e6f074,Driver: Npfs,System Driver,MEDIUM,0,HKLM\SYSTEM\CurrentControlSet\Services\Npfs,system32\drivers\Npfs.sys,C:\WINDOWS\system32\drivers\Npfs.sys,True,Kernel Space (System Driver),True,Valid,Microsoft Windows,e53322e71e86230b9786cb22bae454e4105b7033ca883fd9437ffc24080941d3,d3493e17dcf65970659d1d6741780cee,5.0933,False,"Set-Service -Name ""Npfs"" -StartupType Disabled -ErrorAction SilentlyContinue",Timestomping Timestamp Anomaly (MEDIUM)
66e82c7c,Driver: nsiproxy,System Driver,MEDIUM,0,HKLM\SYSTEM\CurrentControlSet\Services\nsiproxy,system32\drivers\nsiproxy.sys,C:\WINDOWS\system32\drivers\nsiproxy.sys,True,Kernel Space (System Driver),True,Valid,Microsoft Windows,e8c357e291458858f35c3ee18a5660f423b1ca516b1d37c511abf549ac2232de,981fa95d7400593d56e0929a6ff38314,4.3363,False,"Set-Service -Name ""nsiproxy"" -StartupType Disabled -ErrorAction SilentlyContinue",Timestomping Timestamp Anomaly (MEDIUM)
6ed8d37c,Driver: Null,System Driver,MEDIUM,0,HKLM\SYSTEM\CurrentControlSet\Services\Null,system32\drivers\Null.sys,C:\WINDOWS\system32\drivers\Null.sys,True,Kernel Space (System Driver),True,Valid,Microsoft Windows,da130960c7d47577c8272cbc34b7d725014f9fc6c7ab031d1e3a6f090b901f0c,ceec3436307da54abf82526a9ee47467,1.3635,False,"Set-Service -Name ""Null"" -StartupType Disabled -ErrorAction SilentlyContinue",Timestomping Timestamp Anomaly (MEDIUM)
f377b662,Driver: nvdimm,System Driver,MEDIUM,0,HKLM\SYSTEM\CurrentControlSet\Services\nvdimm,System32\drivers\nvdimm.sys,C:\WINDOWS\System32\drivers\nvdimm.sys,True,Kernel Space (Boot Driver),True,Valid,Microsoft Windows,291ae613eb3133b24ebf70772eec094ae0cff0cb837b47ebbca8c2bd13bde113,b379eb9195d07a465d289978d48f4f9d,5.4827,False,"Set-Service -Name ""nvdimm"" -StartupType Disabled -ErrorAction SilentlyContinue",Timestomping Timestamp Anomaly (MEDIUM)
cf7a4d7c,Driver: nvmedisk,System Driver,MEDIUM,0,HKLM\SYSTEM\CurrentControlSet\Services\nvmedisk,System32\drivers\nvmedisk.sys,C:\WINDOWS\System32\drivers\nvmedisk.sys,True,Kernel Space (Boot Driver),True,Valid,Microsoft Windows,a12fb0276b52cd44c3465cbc5aa36ea43c4ab9a76cf822edd9d856ba741eafb7,22de8359a698ef74327a01344ff6e89d,4.1705,False,"Set-Service -Name ""nvmedisk"" -StartupType Disabled -ErrorAction SilentlyContinue",Timestomping Timestamp Anomaly (MEDIUM)
b8d684d5,Driver: nvraid,System Driver,CLEAN,0,HKLM\SYSTEM\CurrentControlSet\Services\nvraid,System32\drivers\nvraid.sys,C:\WINDOWS\System32\drivers\nvraid.sys,True,Kernel Space (Boot Driver),True,Valid,Microsoft Windows,ea9bc21eb5ede4d445baa445a04f33b87a88c20bca523d7d05ce16c43a8e3433,3311050c4207ca92a43aee1455dc6807,5.7615,False,"Set-Service -Name ""nvraid"" -StartupType Disabled -ErrorAction SilentlyContinue",
f79ec545,Driver: nvstor,System Driver,CLEAN,0,HKLM\SYSTEM\CurrentControlSet\Services\nvstor,System32\drivers\nvstor.sys,C:\WINDOWS\System32\drivers\nvstor.sys,True,Kernel Space (Boot Driver),True,Valid,Microsoft Windows,6cf93396aec7eb4dd2dda1bb0a6168394e4de7d665b1ecda05d9fbcf75aa369c,901a11654f29e69734fda6c582823e76,5.6858,False,"Set-Service -Name ""nvstor"" -StartupType Disabled -ErrorAction SilentlyContinue",
74e92c0a,Driver: partmgr,System Driver,MEDIUM,0,HKLM\SYSTEM\CurrentControlSet\Services\partmgr,System32\drivers\partmgr.sys,C:\WINDOWS\System32\drivers\partmgr.sys,True,Kernel Space (Boot Driver),True,Valid,Microsoft Windows,19e563d24a84ba9928c7c2c4d4a9add59c79d0f5cda640e0bf98dfcc4736bda6,d4db7081f2e9a32f6d7ad0d7e22b6520,5.5884,False,"Set-Service -Name ""partmgr"" -StartupType Disabled -ErrorAction SilentlyContinue",Timestomping Timestamp Anomaly (MEDIUM)
36b170fd,Driver: pci,System Driver,MEDIUM,0,HKLM\SYSTEM\CurrentControlSet\Services\pci,System32\drivers\pci.sys,C:\WINDOWS\System32\drivers\pci.sys,True,Kernel Space (Boot Driver),True,Valid,Microsoft Windows,4048a6be89bf74e77154a4963ce6d085b2a75b6b9aaa3a75dc8761b1f77f4be5,31e57892358b08ccaa75f6b90e34882d,6.3014,False,"Set-Service -Name ""pci"" -StartupType Disabled -ErrorAction SilentlyContinue",Timestomping Timestamp Anomaly (MEDIUM)
96aae5fe,Driver: pciide,System Driver,MEDIUM,0,HKLM\SYSTEM\CurrentControlSet\Services\pciide,System32\drivers\pciide.sys,C:\WINDOWS\System32\drivers\pciide.sys,True,Kernel Space (Boot Driver),True,Valid,Microsoft Windows,b8ccdde66aa616db8cff6a8bfead43b3e5699a42c541404533bde6d58e270fd7,d42bf6ac4144dee27302d4e58a1830be,2.9287,False,"Set-Service -Name ""pciide"" -StartupType Disabled -ErrorAction SilentlyContinue",Timestomping Timestamp Anomaly (MEDIUM)
3aa88a92,Driver: pcmcia,System Driver,MEDIUM,0,HKLM\SYSTEM\CurrentControlSet\Services\pcmcia,System32\drivers\pcmcia.sys,C:\WINDOWS\System32\drivers\pcmcia.sys,True,Kernel Space (Boot Driver),True,Valid,Microsoft Windows,fef06a5c5a256460085cb6de79fb18ec91a75aad4401b16397d59ecd084c6ab1,6066e3d8e4102f62ce85b631bbc72fdd,5.7511,False,"Set-Service -Name ""pcmcia"" -StartupType Disabled -ErrorAction SilentlyContinue",Timestomping Timestamp Anomaly (MEDIUM)
fb26e74e,Driver: pcw,System Driver,MEDIUM,0,HKLM\SYSTEM\CurrentControlSet\Services\pcw,System32\drivers\pcw.sys,C:\WINDOWS\System32\drivers\pcw.sys,True,Kernel Space (Boot Driver),True,Valid,Microsoft Windows,05c53bb6bc3ef32f24a2f4f6e432430e60532384f285e1d266e965a619cd3576,c74556746b00d816fb7f946301817be0,4.9041,False,"Set-Service -Name ""pcw"" -StartupType Disabled -ErrorAction SilentlyContinue",Timestomping Timestamp Anomaly (MEDIUM)
169556b0,Driver: pdc,System Driver,CLEAN,0,HKLM\SYSTEM\CurrentControlSet\Services\pdc,system32\drivers\pdc.sys,C:\WINDOWS\system32\drivers\pdc.sys,True,Kernel Space (Boot Driver),True,Valid,Microsoft Windows,e84858f8dabeea62a7b0da8dcf8445249b7916337cda78a7462fb1b8435c753b,4eb0031c1caca282c52d090de30fd23b,5.6287,False,"Set-Service -Name ""pdc"" -StartupType Disabled -ErrorAction SilentlyContinue",
e237a4f5,Driver: percsas2i,System Driver,CLEAN,0,HKLM\SYSTEM\CurrentControlSet\Services\percsas2i,System32\drivers\percsas2i.sys,C:\WINDOWS\System32\drivers\percsas2i.sys,True,Kernel Space (Boot Driver),True,Valid,Microsoft Windows,3c32377b62790dfe5fca57445617a98408f53d7f4d01f65b83854bcea3bc88d9,4741cd0e297e4adddadbb4c25073b737,6.4354,False,"Set-Service -Name ""percsas2i"" -StartupType Disabled -ErrorAction SilentlyContinue",
401bfcf5,Driver: percsas3i,System Driver,CLEAN,0,HKLM\SYSTEM\CurrentControlSet\Services\percsas3i,System32\drivers\percsas3i.sys,C:\WINDOWS\System32\drivers\percsas3i.sys,True,Kernel Space (Boot Driver),True,Valid,Microsoft Windows,534139d0cc4a7ce85d176489a8d8c12d2348379ae15798808c9aec5b4b08dafd,7d86a59211e072121f994fcf36ea8cac,6.359,False,"Set-Service -Name ""percsas3i"" -StartupType Disabled -ErrorAction SilentlyContinue",
a5586e4f,Driver: pmem,System Driver,CLEAN,0,HKLM\SYSTEM\CurrentControlSet\Services\pmem,System32\drivers\pmem.sys,C:\WINDOWS\System32\drivers\pmem.sys,True,Kernel Space (Boot Driver),True,Valid,Microsoft Windows,c588678617ef18dca60e20ebda397a5b9432a53916481ff2ca386b93fef1658f,23b473a37d54c737a808ee95cfa6c0cb,5.3383,False,"Set-Service -Name ""pmem"" -StartupType Disabled -ErrorAction SilentlyContinue",
f221d2f8,Driver: PRM,System Driver,CLEAN,0,HKLM\SYSTEM\CurrentControlSet\Services\PRM,System32\DriverStore\FileRepository\prm.inf_amd64_de435dc5c75d64a5\PRM.sys,C:\WINDOWS\System32\DriverStore\FileRepository\prm.inf_amd64_de435dc5c75d64a5\PRM.sys,True,Kernel Space (Boot Driver),True,Valid,Microsoft Windows,5b2d3ade64509d8c81f3c06fab38d05a87216fa53112805dd743ab1172741c86,329589e345b352729e597f1a76e48ac7,3.7633,False,"Set-Service -Name ""PRM"" -StartupType Disabled -ErrorAction SilentlyContinue",
a8db448d,Driver: Psched,System Driver,MEDIUM,0,HKLM\SYSTEM\CurrentControlSet\Services\Psched,System32\drivers\pacer.sys,C:\WINDOWS\System32\drivers\pacer.sys,True,Kernel Space (System Driver),True,Valid,Microsoft Windows,376a0bb26247d1c0bb39673c1764fc14cf0172d5862b8bc71787f51d944bee18,dcf5877e65074254b3faa3d9c894dbf1,5.4638,False,"Set-Service -Name ""Psched"" -StartupType Disabled -ErrorAction SilentlyContinue",Timestomping Timestamp Anomaly (MEDIUM)
306751d8,Driver: pvscsi,System Driver,CLEAN,0,HKLM\SYSTEM\CurrentControlSet\Services\pvscsi,System32\drivers\pvscsii.sys,C:\WINDOWS\System32\drivers\pvscsii.sys,True,Kernel Space (Boot Driver),True,Valid,Microsoft Windows,015300b589b47da5e0ede2f159e2002036ebbb2dc625efc452b0d21fc0588c04,a89ad94806b16b6cdffc3089802001c2,6.5511,False,"Set-Service -Name ""pvscsi"" -StartupType Disabled -ErrorAction SilentlyContinue",
19b84fa1,Driver: Ramdisk,System Driver,CLEAN,0,HKLM\SYSTEM\CurrentControlSet\Services\Ramdisk,system32\DRIVERS\ramdisk.sys,C:\WINDOWS\system32\DRIVERS\ramdisk.sys,True,Kernel Space (Boot Driver),True,Valid,Microsoft Windows,9252f746288e6035e0fe7cfbf8c76c4d265d6dc01c7638ccfea0c28414b4ff89,a74a5f02bd404c85319dbad7c8806e60,4.517,False,"Set-Service -Name ""Ramdisk"" -StartupType Disabled -ErrorAction SilentlyContinue",
809204dd,Driver: rdbss,System Driver,MEDIUM,0,HKLM\SYSTEM\CurrentControlSet\Services\rdbss,system32\DRIVERS\rdbss.sys,C:\WINDOWS\system32\DRIVERS\rdbss.sys,True,Kernel Space (System Driver),True,Valid,Microsoft Windows,08362da2d9f3c4e659cf3fdcd67705ee53d62bdd03b18f6829b0f3a44f1ee3a0,37532b91f8a70567ffcd58017e79bf59,6.2055,False,"Set-Service -Name ""rdbss"" -StartupType Disabled -ErrorAction SilentlyContinue",Timestomping Timestamp Anomaly (MEDIUM)
444401f7,Driver: rdyboost,System Driver,MEDIUM,0,HKLM\SYSTEM\CurrentControlSet\Services\rdyboost,System32\drivers\rdyboost.sys,C:\WINDOWS\System32\drivers\rdyboost.sys,True,Kernel Space (Boot Driver),True,Valid,Microsoft Windows,f891b375d8c29e09820958ba52d2af27279d6af39952b45714b3e128cb89216c,7a10bc258d65bd6dac97b42dca45da46,6.0456,False,"Set-Service -Name ""rdyboost"" -StartupType Disabled -ErrorAction SilentlyContinue",Suspicious Injection / Memory APIs (MEDIUM)
dbb0ffb0,Driver: sbp2port,System Driver,MEDIUM,0,HKLM\SYSTEM\CurrentControlSet\Services\sbp2port,System32\drivers\sbp2port.sys,C:\WINDOWS\System32\drivers\sbp2port.sys,True,Kernel Space (Boot Driver),True,Valid,Microsoft Windows,7db68ecf7a724dc01f404af02c93e11a0493c945603a8b08d8be177e76dc233d,3fed75fe4829270d7e2d4498880a2434,5.5899,False,"Set-Service -Name ""sbp2port"" -StartupType Disabled -ErrorAction SilentlyContinue",Timestomping Timestamp Anomaly (MEDIUM)
1766e04d,Driver: scmbus,System Driver,MEDIUM,0,HKLM\SYSTEM\CurrentControlSet\Services\scmbus,System32\drivers\scmbus.sys,C:\WINDOWS\System32\drivers\scmbus.sys,True,Kernel Space (Boot Driver),True,Valid,Microsoft Windows,1c3963dba7e3a8d39bfb5cb954ba8d708d60167aab888bdb8c7334ad45a26687,0a865dafea3417760844411086967fc2,5.8304,False,"Set-Service -Name ""scmbus"" -StartupType Disabled -ErrorAction SilentlyContinue",Timestomping Timestamp Anomaly (MEDIUM)
d27039dd,Driver: SiSRaid2,System Driver,CLEAN,0,HKLM\SYSTEM\CurrentControlSet\Services\SiSRaid2,System32\drivers\SiSRaid2.sys,C:\WINDOWS\System32\drivers\SiSRaid2.sys,True,Kernel Space (Boot Driver),True,Valid,Microsoft Windows,4af22d26cee610aa89ff6285e72a722b4010dd32af417298523dbda7e978c653,4ab747c66edc96a55fd130aaed59f791,6.7625,False,"Set-Service -Name ""SiSRaid2"" -StartupType Disabled -ErrorAction SilentlyContinue",
74e1e76b,Driver: SiSRaid4,System Driver,CLEAN,0,HKLM\SYSTEM\CurrentControlSet\Services\SiSRaid4,System32\drivers\sisraid4.sys,C:\WINDOWS\System32\drivers\sisraid4.sys,True,Kernel Space (Boot Driver),True,Valid,Microsoft Windows,b034f94aee8e3a1d5b864ecce3cb921fd0152426c1cc64611f44f6191b33b4d9,6ab092d096f3a23e483d98a11712f836,6.6911,False,"Set-Service -Name ""SiSRaid4"" -StartupType Disabled -ErrorAction SilentlyContinue",
1d01a767,Driver: SmartSAMD,System Driver,CLEAN,0,HKLM\SYSTEM\CurrentControlSet\Services\SmartSAMD,System32\drivers\SmartSAMD.sys,C:\WINDOWS\System32\drivers\SmartSAMD.sys,True,Kernel Space (Boot Driver),True,Valid,Microsoft Windows,1cf25eaa0cbd00970f891f1427dcd8d4a7aa303508157e7de39ce1feeaf2e095,257f6611b5a27ab0aeb0b2fe30eca02b,6.5731,False,"Set-Service -Name ""SmartSAMD"" -StartupType Disabled -ErrorAction SilentlyContinue",
5f54ed7d,Driver: spaceport,System Driver,MEDIUM,0,HKLM\SYSTEM\CurrentControlSet\Services\spaceport,System32\drivers\spaceport.sys,C:\WINDOWS\System32\drivers\spaceport.sys,True,Kernel Space (Boot Driver),True,Valid,Microsoft Windows,48642536ceaca4fa49b8e47e4472304d244af8c8b77b1de240e975068e38e50c,40eeb38279bd1562a447df289135d834,6.2544,False,"Set-Service -Name ""spaceport"" -StartupType Disabled -ErrorAction SilentlyContinue",Timestomping Timestamp Anomaly (MEDIUM)
e34659ed,Driver: stexstor,System Driver,CLEAN,0,HKLM\SYSTEM\CurrentControlSet\Services\stexstor,System32\drivers\stexstor.sys,C:\WINDOWS\System32\drivers\stexstor.sys,True,Kernel Space (Boot Driver),True,Valid,Microsoft Windows,4cfbf7ff584893dbcb11e14023f2d8bc4febf48e98bc2ffda317723bbdf2a63d,e6e7ba9199b743211c261ab1107d8491,6.5124,False,"Set-Service -Name ""stexstor"" -StartupType Disabled -ErrorAction SilentlyContinue",
64248915,Driver: storahci,System Driver,CLEAN,0,HKLM\SYSTEM\CurrentControlSet\Services\storahci,System32\drivers\storahci.sys,C:\WINDOWS\System32\drivers\storahci.sys,True,Kernel Space (Boot Driver),True,Valid,Microsoft Windows,21e8d21cf21332a6a965c1b9d60ed68bbfafdf322e2c9ffabd6466256e53a4c2,65e0a78413010c5642960d81f9693555,5.7993,False,"Set-Service -Name ""storahci"" -StartupType Disabled -ErrorAction SilentlyContinue",
c483a2df,Driver: storflt,System Driver,MEDIUM,0,HKLM\SYSTEM\CurrentControlSet\Services\storflt,System32\drivers\vmstorfl.sys,C:\WINDOWS\System32\drivers\vmstorfl.sys,True,Kernel Space (Boot Driver),True,Valid,Microsoft Windows,506710926799f6b5c2a0b6060ef121172ef92f1602bc86e83ce3c347c04851ea,4cf2f82604b278c3fb5c528fd19f9756,4.6906,False,"Set-Service -Name ""storflt"" -StartupType Disabled -ErrorAction SilentlyContinue",Timestomping Timestamp Anomaly (MEDIUM)
3489a814,Driver: stornvme,System Driver,CLEAN,0,HKLM\SYSTEM\CurrentControlSet\Services\stornvme,System32\drivers\stornvme.sys,C:\WINDOWS\System32\drivers\stornvme.sys,True,Kernel Space (Boot Driver),True,Valid,Microsoft Windows,c07e39a81ca63a2dacbb72bbbb5e48d5b97ff26792237e961fc4ec7b36b5f50b,cebc524ed248317b73072f7d04ce63d7,5.7283,False,"Set-Service -Name ""stornvme"" -StartupType Disabled -ErrorAction SilentlyContinue",
6268da73,Driver: storufs,System Driver,MEDIUM,0,HKLM\SYSTEM\CurrentControlSet\Services\storufs,System32\drivers\storufs.sys,C:\WINDOWS\System32\drivers\storufs.sys,True,Kernel Space (Boot Driver),True,Valid,Microsoft Windows,d5291bf8fc5bb38673b704c7448f97b09479b20881a0306e763c5c722f0fe72b,b9d722b524027a96bc91316d35c4c72b,4.9086,False,"Set-Service -Name ""storufs"" -StartupType Disabled -ErrorAction SilentlyContinue",Timestomping Timestamp Anomaly (MEDIUM)
31abe423,Driver: storvsc,System Driver,MEDIUM,0,HKLM\SYSTEM\CurrentControlSet\Services\storvsc,System32\drivers\storvsc.sys,C:\WINDOWS\System32\drivers\storvsc.sys,True,Kernel Space (Boot Driver),True,Valid,Microsoft Windows,e5bea6d6c466543db944c07ed143a05bd0f75f79211fec8f03a22355a8011c03,f85f63c24030165f4c8a25d744e7eeb0,4.6457,False,"Set-Service -Name ""storvsc"" -StartupType Disabled -ErrorAction SilentlyContinue",Timestomping Timestamp Anomaly (MEDIUM)
40ea3ea1,Driver: UCPD,System Driver,MEDIUM,0,HKLM\SYSTEM\CurrentControlSet\Services\UCPD,system32\drivers\UCPD.sys,C:\WINDOWS\system32\drivers\UCPD.sys,True,Kernel Space (System Driver),True,Valid,Microsoft Windows,8ae78271bf4f72c0bd16c0108290d242bdb29117c5c6d7ec2e1dadf1ea3bc2df,62fa0eb389ba505bbd4b73e6899a128d,5.3413,False,"Set-Service -Name ""UCPD"" -StartupType Disabled -ErrorAction SilentlyContinue",Timestomping Timestamp Anomaly (MEDIUM)
8b9f7290,Driver: vdrvroot,System Driver,MEDIUM,0,HKLM\SYSTEM\CurrentControlSet\Services\vdrvroot,System32\drivers\vdrvroot.sys,C:\WINDOWS\System32\drivers\vdrvroot.sys,True,Kernel Space (Boot Driver),True,Valid,Microsoft Windows,a192e183a320ca453b6fde55f1790f74025747a21fced1c21dfb731ed188ba68,56d9cf8015f86f4bf9834159bb72b43d,4.0748,False,"Set-Service -Name ""vdrvroot"" -StartupType Disabled -ErrorAction SilentlyContinue",Timestomping Timestamp Anomaly (MEDIUM)
9e07d880,Driver: vmbus,System Driver,MEDIUM,0,HKLM\SYSTEM\CurrentControlSet\Services\vmbus,System32\drivers\vmbus.sys,C:\WINDOWS\System32\drivers\vmbus.sys,True,Kernel Space (Boot Driver),True,Valid,Microsoft Windows,9317e18edd951b5cf08435b6559dccaefbb35089c427cb541dd28204f49c4daa,9dfb38d14f059d04a2cda3ae68b8be02,5.7293,False,"Set-Service -Name ""vmbus"" -StartupType Disabled -ErrorAction SilentlyContinue",Timestomping Timestamp Anomaly (MEDIUM)
bc5f2776,Driver: volmgr,System Driver,MEDIUM,0,HKLM\SYSTEM\CurrentControlSet\Services\volmgr,System32\drivers\volmgr.sys,C:\WINDOWS\System32\drivers\volmgr.sys,True,Kernel Space (Boot Driver),True,Valid,Microsoft Windows,79b9c77d412f7a5a7475d531f2427ded44606a510efdf8985986f76e6a2ab214,d55f611cd871769acf1e003c016712cc,5.1957,False,"Set-Service -Name ""volmgr"" -StartupType Disabled -ErrorAction SilentlyContinue",Timestomping Timestamp Anomaly (MEDIUM)
1687b4dd,Driver: volmgrx,System Driver,MEDIUM,0,HKLM\SYSTEM\CurrentControlSet\Services\volmgrx,System32\drivers\volmgrx.sys,C:\WINDOWS\System32\drivers\volmgrx.sys,True,Kernel Space (Boot Driver),True,Valid,Microsoft Windows,01bba9a399e5be36523d12b6bc176b4118dd104b2ad9ae940964b942bfe2d464,9fe33ca3c13919af7951a3b7d9b68ba1,6.2591,False,"Set-Service -Name ""volmgrx"" -StartupType Disabled -ErrorAction SilentlyContinue",Timestomping Timestamp Anomaly (MEDIUM)
4767f9b9,Driver: volsnap,System Driver,CLEAN,0,HKLM\SYSTEM\CurrentControlSet\Services\volsnap,System32\drivers\volsnap.sys,C:\WINDOWS\System32\drivers\volsnap.sys,True,Kernel Space (Boot Driver),True,Valid,Microsoft Windows,aac2b71a5c06eaf45f016ec88fc925a80d7889f165e7c0031a2329a3cba7fb56,26e1b735ba5879b42b324f1d3163fc68,5.9176,False,"Set-Service -Name ""volsnap"" -StartupType Disabled -ErrorAction SilentlyContinue",
3799ff3c,Driver: volume,System Driver,MEDIUM,0,HKLM\SYSTEM\CurrentControlSet\Services\volume,System32\drivers\volume.sys,C:\WINDOWS\System32\drivers\volume.sys,True,Kernel Space (Boot Driver),True,Valid,Microsoft Windows,b9b26d40a62517dd4a09eefb39ac7cd90389e56cf9261fefd3e7e2216b1916fa,c6c50c0ca5586ec76f36022173b71d6b,2.4597,False,"Set-Service -Name ""volume"" -StartupType Disabled -ErrorAction SilentlyContinue",Timestomping Timestamp Anomaly (MEDIUM)
f1fa32ce,Driver: vpci,System Driver,MEDIUM,0,HKLM\SYSTEM\CurrentControlSet\Services\vpci,System32\drivers\vpci.sys,C:\WINDOWS\System32\drivers\vpci.sys,True,Kernel Space (Boot Driver),True,Valid,Microsoft Windows,e1b60647128c73728fbce00fe78a9a4ea0c8b1f1010c3aa3f9d66ea7e17a93d9,c01789a5641d65284653558b5f139346,5.4256,False,"Set-Service -Name ""vpci"" -StartupType Disabled -ErrorAction SilentlyContinue",Timestomping Timestamp Anomaly (MEDIUM)
1da6f2af,Driver: vsmraid,System Driver,CLEAN,0,HKLM\SYSTEM\CurrentControlSet\Services\vsmraid,System32\drivers\vsmraid.sys,C:\WINDOWS\System32\drivers\vsmraid.sys,True,Kernel Space (Boot Driver),True,Valid,Microsoft Windows,1b5b4ecff7db86a925761772aa580a65d815a582267faa7021581f3d888a5dbb,f1a8f83e5f0a382aa4b9a53acaa1ca5e,6.5732,False,"Set-Service -Name ""vsmraid"" -StartupType Disabled -ErrorAction SilentlyContinue",
8c0d16b6,Driver: VSTXRAID,System Driver,CLEAN,0,HKLM\SYSTEM\CurrentControlSet\Services\VSTXRAID,System32\drivers\vstxraid.sys,C:\WINDOWS\System32\drivers\vstxraid.sys,True,Kernel Space (Boot Driver),True,Valid,Microsoft Windows,5cd2a7ff3a1e5cfa72569c19ce4a7474639177f0c871a68f192d76673f7c4525,6a91c8edeffc2cf25b47563e956cf399,6.6421,False,"Set-Service -Name ""VSTXRAID"" -StartupType Disabled -ErrorAction SilentlyContinue",
d8fc75a0,Driver: vwififlt,System Driver,CLEAN,0,HKLM\SYSTEM\CurrentControlSet\Services\vwififlt,System32\drivers\vwififlt.sys,C:\WINDOWS\System32\drivers\vwififlt.sys,True,Kernel Space (System Driver),True,Valid,Microsoft Windows,83c9571949d7b9449df12fa11e880e7cf95bbb71c48dc03df7e88dac8269ecb1,3b833c2dbd30f9036f98b4da02c432a3,4.8759,False,"Set-Service -Name ""vwififlt"" -StartupType Disabled -ErrorAction SilentlyContinue",
9c5846fc,Driver: WdBoot,System Driver,CLEAN,0,HKLM\SYSTEM\CurrentControlSet\Services\WdBoot,system32\drivers\wd\WdBoot.sys,C:\WINDOWS\system32\drivers\wd\WdBoot.sys,True,Kernel Space (Boot Driver),True,Valid,Microsoft Windows,bf84cee4ddf82e839e609ff84b3f899444b38b8d50a0ff767c5b80576afcb9cd,b0a395340e28a6b86c6e131a7b383d3b,5.1824,False,"Set-Service -Name ""WdBoot"" -StartupType Disabled -ErrorAction SilentlyContinue",
91fcdc38,Driver: Wdf01000,System Driver,MEDIUM,0,HKLM\SYSTEM\CurrentControlSet\Services\Wdf01000,system32\drivers\Wdf01000.sys,C:\WINDOWS\system32\drivers\Wdf01000.sys,True,Kernel Space (Boot Driver),True,Valid,Microsoft Windows,f09f84a0d58b3f407950888dfc5627a8ffed2fa9d6d9aa66ae1dbb068aef5418,a9c27a8141bbcb0807f3d14daeb63f51,6.1738,False,"Set-Service -Name ""Wdf01000"" -StartupType Disabled -ErrorAction SilentlyContinue",Timestomping Timestamp Anomaly (MEDIUM)
74680848,Driver: WdFilter,System Driver,MEDIUM,0,HKLM\SYSTEM\CurrentControlSet\Services\WdFilter,system32\drivers\wd\WdFilter.sys,C:\WINDOWS\system32\drivers\wd\WdFilter.sys,True,Kernel Space (Boot Driver),True,Valid,Microsoft Windows,cea2b0db437a25f373f8d06dd623bdb21e2e4037a7f09785810b1413665502aa,60ae4424164b3e64db21a1456d0e06f8,6.1935,False,"Set-Service -Name ""WdFilter"" -StartupType Disabled -ErrorAction SilentlyContinue",Timestomping Timestamp Anomaly (MEDIUM)
8d20c26d,Driver: WFPLWFS,System Driver,MEDIUM,0,HKLM\SYSTEM\CurrentControlSet\Services\WFPLWFS,System32\drivers\wfplwfs.sys,C:\WINDOWS\System32\drivers\wfplwfs.sys,True,Kernel Space (Boot Driver),True,Valid,Microsoft Windows,f411fea213a5bbd8ddc424af1ede285e7b260022358c145c5c5f96a9b0865c5d,29d6a94ff592ac22004c3f9e2c702a5a,5.7168,False,"Set-Service -Name ""WFPLWFS"" -StartupType Disabled -ErrorAction SilentlyContinue",Timestomping Timestamp Anomaly (MEDIUM)
8db6b720,Driver: WindowsTrustedRT,System Driver,MEDIUM,0,HKLM\SYSTEM\CurrentControlSet\Services\WindowsTrustedRT,system32\drivers\WindowsTrustedRT.sys,C:\WINDOWS\system32\drivers\WindowsTrustedRT.sys,True,Kernel Space (Boot Driver),True,Valid,Microsoft Windows,c5d8b9ccbcbf0f3c07f46982d2f34154d981005ff7ebbc37808b8be9fa822d93,13af2b8b6937054c1c12b2d34fd3edc4,5.3444,False,"Set-Service -Name ""WindowsTrustedRT"" -StartupType Disabled -ErrorAction SilentlyContinue",Timestomping Timestamp Anomaly (MEDIUM)
bf53af3e,Driver: WindowsTrustedRTProxy,System Driver,MEDIUM,0,HKLM\SYSTEM\CurrentControlSet\Services\WindowsTrustedRTProxy,System32\drivers\WindowsTrustedRTProxy.sys,C:\WINDOWS\System32\drivers\WindowsTrustedRTProxy.sys,True,Kernel Space (Boot Driver),True,Valid,Microsoft Windows,c5ffcb47c5465f7fa347888f5cffad7094e1352d8ecd4f5b5da7e92afda9ecdb,873d5a657930a3af65e8faac60d5cece,2.7431,False,"Set-Service -Name ""WindowsTrustedRTProxy"" -StartupType Disabled -ErrorAction SilentlyContinue",Timestomping Timestamp Anomaly (MEDIUM)
3efe869b,Driver: Wof,System Driver,CLEAN,0,HKLM\SYSTEM\CurrentControlSet\Services\Wof,system32\drivers\Wof.sys,C:\WINDOWS\system32\drivers\Wof.sys,True,Kernel Space (Boot Driver),True,Valid,Microsoft Windows,065b362d420c79c48b0441466e10e86e097fccb5dd28e5d6291d63940d777089,ae263bfc6545ec31dcf37ab360ce51fa,5.9943,False,"Set-Service -Name ""Wof"" -StartupType Disabled -ErrorAction SilentlyContinue",
